store_id,model_id,forecast_units,avg_event_multiplier,avg_lifecycle_factor
BEL01,MOD001,0.35000000000000003,1.0,0.55
BEL01,MOD002,0.9418250892857144,1.0,0.55
BEL01,MOD003,0.5368003246753246,1.0,0.6
BEL01,MOD004,1.3293651515151517,1.0,0.6
BEL01,MOD005,0.575049375,1.0,0.55
BEL01,MOD006,0.35000000000000003,1.0,0.55
BEL01,MOD007,0.6874368750000002,1.0,0.55
BEL01,MOD008,4.268014069264069,1.0,1.0
BEL01,MOD009,0.6459583333333333,1.0,0.55
BEL01,MOD010,0.8891100000000001,1.0,0.55
BEL01,MOD011,0.49617991071428574,1.0,0.55
BEL01,MOD012,6.650440191387559,1.0,1.0
BEL01,MOD013,0.42700312500000004,1.0,0.55
BEL01,MOD014,0.35547357142857144,1.0,0.55
BEL01,MOD015,0.9931436688311688,1.0,1.0
BEL01,MOD016,0.6301727678571429,1.0,0.55
BEL01,MOD017,0.35915714285714284,1.0,0.55
BEL01,MOD018,1.9507969696969698,1.0,1.0
BEL01,MOD019,0.53946,1.0,0.55
BEL01,MOD020,0.4352785714285715,1.0,0.55
BEL01,MOD021,2.1220017482517486,1.0,1.0
BEL01,MOD022,0.9514886363636363,1.0,0.55
BEL01,MOD023,0.37616666666666665,1.0,0.55
BEL01,MOD024,1.6116623376623374,1.0,1.0
BEL01,MOD025,0.5811147321428571,1.0,0.55
BEL01,MOD026,0.3887180357142857,1.0,0.55
BEL01,MOD027,2.4712275974025975,1.0,1.0
BEL01,MOD028,0.35000000000000003,1.0,0.55
BEL01,MOD029,0.35000000000000003,1.0,0.55
BEL01,MOD030,1.0248579545454546,1.0,1.0
BEL01,MOD031,0.38978839285714284,1.0,0.55
BEL01,MOD032,0.35000000000000003,1.0,0.55
BEL01,MOD033,4.121415584415583,1.0,1.0
BEL01,MOD034,0.37747928571428574,1.0,0.55
BEL01,MOD035,0.37940416666666665,1.0,0.55
BEL01,MOD036,2.223585876623377,1.0,1.0
BEL01,MOD037,0.6790160714285715,1.0,0.55
BEL01,MOD038,0.36706428571428573,1.0,0.55
BEL01,MOD039,1.2006379870129869,1.0,1.0
BEL01,MOD040,0.35000000000000003,1.0,0.55
BEL01,MOD041,0.41681491071428567,1.0,0.55
BEL01,MOD042,0.8279050324675323,1.0,1.0
BEL01,MOD043,0.35000000000000003,1.0,0.55
BEL01,MOD044,0.35000000000000003,1.0,0.55
BEL01,MOD045,1.2683011363636363,1.0,1.0
BEL01,MOD046,0.35000000000000003,1.0,0.55
BEL01,MOD047,0.3515875,1.0,0.55
BEL01,MOD048,0.9031363636363636,1.0,1.0
BEL01,MOD049,0.35000000000000003,1.0,0.55
BEL01,MOD050,0.35000000000000003,1.0,0.55
BEL01,MOD051,0.41507873376623367,1.0,1.0
BEL01,MOD052,0.35000000000000003,1.0,0.55
BEL01,MOD053,0.35000000000000003,1.0,0.55
BEL01,MOD054,0.7631249999999999,1.0,1.0
BEL01,MOD055,0.35000000000000003,1.0,0.55
BEL01,MOD056,0.4184204464285714,1.0,0.55
BEL01,MOD057,1.1433560606060607,1.0,1.0
BEL01,MOD058,0.35000000000000003,1.0,0.55
BEL01,MOD059,0.35000000000000003,1.0,0.55
BEL01,MOD060,0.9681866883116883,1.0,1.0
BLR01,MOD001,0.35000000000000003,1.0,0.55
BLR01,MOD002,0.3593982142857143,1.0,0.55
BLR01,MOD003,0.940400649350649,1.0,0.6
BLR01,MOD004,1.1480486631016045,1.0,0.6
BLR01,MOD005,0.35520357142857145,1.0,0.55
BLR01,MOD006,0.5016407142857143,1.0,0.55
BLR01,MOD007,0.49626249999999994,1.0,0.55
BLR01,MOD008,3.659181818181819,1.0,1.0
BLR01,MOD009,0.3551071428571429,1.0,0.55
BLR01,MOD010,0.35000000000000003,1.0,0.55
BLR01,MOD011,0.35000000000000003,1.0,0.55
BLR01,MOD012,6.560964935064935,1.0,1.0
BLR01,MOD013,0.35587857142857143,1.0,0.55
BLR01,MOD014,0.7814499107142856,1.0,0.55
BLR01,MOD015,1.7609537337662338,1.0,1.0
BLR01,MOD016,0.35000000000000003,1.0,0.55
BLR01,MOD017,0.35000000000000003,1.0,0.55
BLR01,MOD018,3.96996185064935,1.0,1.0
BLR01,MOD019,0.5543319444444444,1.0,0.55
BLR01,MOD020,0.6353208333333333,1.0,0.55
BLR01,MOD021,2.1325154220779217,1.0,1.0
BLR01,MOD022,0.6260708333333332,1.0,0.55
BLR01,MOD023,0.35000000000000003,1.0,0.55
BLR01,MOD024,0.540224025974026,1.0,1.0
BLR01,MOD025,2.5714119047619044,1.0,0.55
BLR01,MOD026,0.8357705357142857,1.0,0.55
BLR01,MOD027,6.15321212121212,1.0,1.0
BLR01,MOD028,1.3796953125,1.0,0.55
BLR01,MOD029,0.35000000000000003,1.0,0.55
BLR01,MOD030,6.794497402597403,1.0,1.0
BLR01,MOD031,1.1052428571428572,1.0,0.55
BLR01,MOD032,1.4180448214285717,1.0,0.55
BLR01,MOD033,3.3265402597402596,1.0,1.0
BLR01,MOD034,0.685325892857143,1.0,0.55
BLR01,MOD035,1.2675583333333331,1.0,0.55
BLR01,MOD036,2.7156258116883114,1.0,1.0
BLR01,MOD037,0.46635416666666674,1.0,0.55
BLR01,MOD038,0.5101375,1.0,0.55
BLR01,MOD039,2.2922581168831164,1.0,1.0
BLR01,MOD040,0.8849166666666667,1.0,0.55
BLR01,MOD041,0.5635430357142859,1.0,0.55
BLR01,MOD042,4.832500324675324,1.0,1.0
BLR01,MOD043,0.7387446428571429,1.0,0.55
BLR01,MOD044,0.5480228571428573,1.0,0.55
BLR01,MOD045,0.8321396103896103,1.0,1.0
BLR01,MOD046,0.9133714285714285,1.0,0.55
BLR01,MOD047,1.706706617647059,1.0,0.55
BLR01,MOD048,4.942207317073171,1.0,1.0
BLR01,MOD049,0.35000000000000003,1.0,0.55
BLR01,MOD050,1.2296613636363638,1.0,0.55
BLR01,MOD051,2.894161764705882,1.0,1.0
BLR01,MOD052,1.1032359375,1.0,0.55
BLR01,MOD053,0.5622017857142857,1.0,0.55
BLR01,MOD054,5.3345743801652885,1.0,1.0
BLR01,MOD055,1.1265508928571433,1.0,0.55
BLR01,MOD056,2.090842592592592,1.0,0.55
BLR01,MOD057,4.385987762237762,1.0,1.0
BLR01,MOD058,1.0896235714285716,1.0,0.55
BLR01,MOD059,0.35000000000000003,1.0,0.55
BLR01,MOD060,1.2333433441558441,1.0,1.0
BLR02,MOD001,0.6373976785714287,1.0,0.55
BLR02,MOD002,0.9389410714285715,1.0,0.55
BLR02,MOD003,2.712724675324675,1.0,0.6
BLR02,MOD004,1.4604536688311687,1.0,0.6
BLR02,MOD005,1.816485267857143,1.0,0.55
BLR02,MOD006,0.38390142857142856,1.0,0.55
BLR02,MOD007,1.9178333333333333,1.0,0.55
BLR02,MOD008,11.9316773715415,1.0,1.0
BLR02,MOD009,0.8230365384615385,1.0,0.55
BLR02,MOD010,0.3639785714285715,1.0,0.55
BLR02,MOD011,0.8348290178571429,1.0,0.55
BLR02,MOD012,1.5148076298701296,1.0,1.0
BLR02,MOD013,1.2136000000000002,1.0,0.55
BLR02,MOD014,1.0167500892857142,1.0,0.55
BLR02,MOD015,2.4361436688311686,1.0,1.0
BLR02,MOD016,0.9338942307692307,1.0,0.55
BLR02,MOD017,1.2424170535714285,1.0,0.55
BLR02,MOD018,6.669067193675889,1.0,1.0
BLR02,MOD019,0.5594267857142857,1.0,0.55
BLR02,MOD020,0.4625513888888889,1.0,0.55
BLR02,MOD021,2.221441558441558,1.0,1.0
BLR02,MOD022,0.5201142857142858,1.0,0.55
BLR02,MOD023,0.8443433035714285,1.0,0.55
BLR02,MOD024,2.1179265734265735,1.0,1.0
BLR02,MOD025,0.8134218749999998,1.0,0.55
BLR02,MOD026,0.9228361607142856,1.0,0.55
BLR02,MOD027,5.352563397129186,1.0,1.0
BLR02,MOD028,1.6774874999999998,1.0,0.55
BLR02,MOD029,1.1217937500000001,1.0,0.55
BLR02,MOD030,3.036005244755244,1.0,1.0
BLR02,MOD031,1.5325568181818183,1.0,0.55
BLR02,MOD032,1.84329375,1.0,0.55
BLR02,MOD033,2.2653189935064937,1.0,1.0
BLR02,MOD034,1.358957142857143,1.0,0.55
BLR02,MOD035,0.650390625,1.0,0.55
BLR02,MOD036,3.9739494949494945,1.0,1.0
BLR02,MOD037,0.4527214285714286,1.0,0.55
BLR02,MOD038,2.485458482142857,1.0,0.55
BLR02,MOD039,7.9416916996047435,1.0,1.0
BLR02,MOD040,1.2503357142857143,1.0,0.55
BLR02,MOD041,0.35000000000000003,1.0,0.55
BLR02,MOD042,5.588605371900826,1.0,1.0
BLR02,MOD043,0.5786866071428571,1.0,0.55
BLR02,MOD044,0.8932416666666669,1.0,0.55
BLR02,MOD045,1.6157167207792205,1.0,1.0
BLR02,MOD046,0.35095,1.0,0.55
BLR02,MOD047,1.4779848214285718,1.0,0.55
BLR02,MOD048,3.8499621212121204,1.0,1.0
BLR02,MOD049,0.6092116071428572,1.0,0.55
BLR02,MOD050,1.036809375,1.0,0.55
BLR02,MOD051,3.5712052785923745,1.0,1.0
BLR02,MOD052,1.3227830357142858,1.0,0.55
BLR02,MOD053,0.46922276785714284,1.0,0.55
BLR02,MOD054,4.030237012987013,1.0,1.0
BLR02,MOD055,2.1587958333333335,1.0,0.55
BLR02,MOD056,0.6753821428571429,1.0,0.55
BLR02,MOD057,4.452613636363636,1.0,1.0
BLR02,MOD058,0.5955348214285715,1.0,0.55
BLR02,MOD059,0.5574152777777777,1.0,0.55
BLR02,MOD060,4.364238095238095,1.0,1.0
BLR03,MOD001,0.35746428571428573,1.0,0.55
BLR03,MOD002,0.40878723214285717,1.0,0.55
BLR03,MOD003,0.35000000000000003,1.0,0.6
BLR03,MOD004,1.4449405594405593,1.0,0.6
BLR03,MOD005,0.36938821428571433,1.0,0.55
BLR03,MOD006,0.6843149999999999,1.0,0.55
BLR03,MOD007,0.9612173076923076,1.0,0.55
BLR03,MOD008,3.2215227272727267,1.0,1.0
BLR03,MOD009,0.5338406250000001,1.0,0.55
BLR03,MOD010,0.37881723214285723,1.0,0.55
BLR03,MOD011,0.613314642857143,1.0,0.55
BLR03,MOD012,3.3776254870129874,1.0,1.0
BLR03,MOD013,0.35000000000000003,1.0,0.55
BLR03,MOD014,0.35000000000000003,1.0,0.55
BLR03,MOD015,1.9123714285714288,1.0,1.0
BLR03,MOD016,0.36436428571428575,1.0,0.55
BLR03,MOD017,0.35000000000000003,1.0,0.55
BLR03,MOD018,2.948257305194805,1.0,1.0
BLR03,MOD019,0.3525517857142857,1.0,0.55
BLR03,MOD020,0.35000000000000003,1.0,0.55
BLR03,MOD021,0.8558352272727271,1.0,1.0
BLR03,MOD022,0.35000000000000003,1.0,0.55
BLR03,MOD023,0.35000000000000003,1.0,0.55
BLR03,MOD024,0.7073547077922079,1.0,1.0
BLR03,MOD025,0.7653549107142859,1.0,0.55
BLR03,MOD026,0.41532500000000006,1.0,0.55
BLR03,MOD027,6.436037878787877,1.0,1.0
BLR03,MOD028,0.7278924107142858,1.0,0.55
BLR03,MOD029,1.0890613636363637,1.0,0.55
BLR03,MOD030,4.719665977961432,1.0,1.0
BLR03,MOD031,1.1626754464285716,1.0,0.55
BLR03,MOD032,1.4141889705882358,1.0,0.55
BLR03,MOD033,0.7632150974025973,1.0,1.0
BLR03,MOD034,0.35000000000000003,1.0,0.55
BLR03,MOD035,1.3934704545454544,1.0,0.55
BLR03,MOD036,3.244948051948052,1.0,1.0
BLR03,MOD037,0.3524125,1.0,0.55
BLR03,MOD038,0.7866704545454546,1.0,0.55
BLR03,MOD039,4.614793103448275,1.0,1.0
BLR03,MOD040,0.41092794642857144,1.0,0.55
BLR03,MOD041,0.61026875,1.0,0.55
BLR03,MOD042,1.8350137987012987,1.0,1.0
BLR03,MOD043,0.3593982142857143,1.0,0.55
BLR03,MOD044,0.5201142857142858,1.0,0.55
BLR03,MOD045,2.9602102272727273,1.0,1.0
BLR03,MOD046,1.6209964285714287,1.0,0.55
BLR03,MOD047,0.5450892857142857,1.0,0.55
BLR03,MOD048,4.0491935064935065,1.0,1.0
BLR03,MOD049,0.4594680555555555,1.0,0.55
BLR03,MOD050,1.001229910714286,1.0,0.55
BLR03,MOD051,1.9020266798418974,1.0,1.0
BLR03,MOD052,1.0103642857142856,1.0,0.55
BLR03,MOD053,0.7322035714285715,1.0,0.55
BLR03,MOD054,4.870215097402597,1.0,1.0
BLR03,MOD055,1.023975,1.0,0.55
BLR03,MOD056,0.35000000000000003,1.0,0.55
BLR03,MOD057,6.996081331168831,1.0,1.0
BLR03,MOD058,0.35000000000000003,1.0,0.55
BLR03,MOD059,0.6698982142857144,1.0,0.55
BLR03,MOD060,1.0338676948051948,1.0,1.0
BLR04,MOD001,0.35000000000000003,1.0,0.55
BLR04,MOD002,0.35000000000000003,1.0,0.55
BLR04,MOD003,1.4631782142857142,1.0,0.6
BLR04,MOD004,1.26053474025974,1.0,0.6
BLR04,MOD005,0.4424638392857143,1.0,0.55
BLR04,MOD006,0.648755357142857,1.0,0.55
BLR04,MOD007,1.2316795454545453,1.0,0.55
BLR04,MOD008,3.4896525974025967,1.0,1.0
BLR04,MOD009,0.61026875,1.0,0.55
BLR04,MOD010,0.5745141964285715,1.0,0.55
BLR04,MOD011,0.9043031250000001,1.0,0.55
BLR04,MOD012,3.868181818181818,1.0,1.0
BLR04,MOD013,0.5118091071428572,1.0,0.55
BLR04,MOD014,0.6296375892857142,1.0,0.55
BLR04,MOD015,0.8858376623376623,1.0,1.0
BLR04,MOD016,0.7281897321428571,1.0,0.55
BLR04,MOD017,0.35000000000000003,1.0,0.55
BLR04,MOD018,4.400108093126386,1.0,1.0
BLR04,MOD019,0.36427857142857145,1.0,0.55
BLR04,MOD020,0.41949080357142865,1.0,0.55
BLR04,MOD021,2.0040064935064934,1.0,1.0
BLR04,MOD022,0.35000000000000003,1.0,0.55
BLR04,MOD023,0.35000000000000003,1.0,0.55
BLR04,MOD024,2.197754132231405,1.0,1.0
BLR04,MOD025,1.2115796052631578,1.0,0.55
BLR04,MOD026,1.6542369642857142,1.0,0.55
BLR04,MOD027,3.6332678571428576,1.0,1.0
BLR04,MOD028,1.3919568181818183,1.0,0.55
BLR04,MOD029,0.8911714285714285,1.0,0.55
BLR04,MOD030,4.604359504132232,1.0,1.0
BLR04,MOD031,0.9471768750000003,1.0,0.55
BLR04,MOD032,0.6802714285714285,1.0,0.55
BLR04,MOD033,2.3932272727272728,1.0,1.0
BLR04,MOD034,1.3813613636363637,1.0,0.55
BLR04,MOD035,2.0027657608695653,1.0,0.55
BLR04,MOD036,5.707598376623377,1.0,1.0
BLR04,MOD037,1.3150229464285716,1.0,0.55
BLR04,MOD038,0.7394879464285714,1.0,0.55
BLR04,MOD039,3.592814123376623,1.0,1.0
BLR04,MOD040,0.6975160714285713,1.0,0.55
BLR04,MOD041,0.35000000000000003,1.0,0.55
BLR04,MOD042,1.8369599025974026,1.0,1.0
BLR04,MOD043,1.0325378571428574,1.0,0.55
BLR04,MOD044,0.8297745535714286,1.0,0.55
BLR04,MOD045,2.3153230519480523,1.0,1.0
BLR04,MOD046,2.2196531250000002,1.0,0.55
BLR04,MOD047,2.9657812500000005,1.0,0.55
BLR04,MOD048,6.121001298701298,1.0,1.0
BLR04,MOD049,0.35000000000000003,1.0,0.55
BLR04,MOD050,0.40306875,1.0,0.55
BLR04,MOD051,3.8497465034965037,1.0,1.0
BLR04,MOD052,1.0705553571428572,1.0,0.55
BLR04,MOD053,1.9461768750000001,1.0,0.55
BLR04,MOD054,4.109997086247086,1.0,1.0
BLR04,MOD055,2.4667523148148147,1.0,0.55
BLR04,MOD056,1.1921102678571431,1.0,0.55
BLR04,MOD057,3.369282467532467,1.0,1.0
BLR04,MOD058,0.3956753571428571,1.0,0.55
BLR04,MOD059,0.5035138392857142,1.0,0.55
BLR04,MOD060,2.5802094155844157,1.0,1.0
BLR05,MOD001,0.35000000000000003,1.0,0.55
BLR05,MOD002,0.7992991071428571,1.0,0.55
BLR05,MOD003,1.761224025974026,1.0,0.6
BLR05,MOD004,0.9828905844155844,1.0,0.6
BLR05,MOD005,0.4201647321428571,1.0,0.55
BLR05,MOD006,0.5669424107142859,1.0,0.55
BLR05,MOD007,0.35000000000000003,1.0,0.55
BLR05,MOD008,5.244555944055945,1.0,1.0
BLR05,MOD009,0.36834678571428575,1.0,0.55
BLR05,MOD010,0.7219459821428572,1.0,0.55
BLR05,MOD011,0.8077232142857143,1.0,0.55
BLR05,MOD012,4.29260064935065,1.0,1.0
BLR05,MOD013,0.9274281249999999,1.0,0.55
BLR05,MOD014,1.1362083333333335,1.0,0.55
BLR05,MOD015,2.5658238636363633,1.0,1.0
BLR05,MOD016,0.5416007142857144,1.0,0.55
BLR05,MOD017,0.35000000000000003,1.0,0.55
BLR05,MOD018,4.004612068965518,1.0,1.0
BLR05,MOD019,0.39835125000000005,1.0,0.55
BLR05,MOD020,1.2767576785714285,1.0,0.55
BLR05,MOD021,1.7801444805194806,1.0,1.0
BLR05,MOD022,0.62645625,1.0,0.55
BLR05,MOD023,1.3781343750000001,1.0,0.55
BLR05,MOD024,1.4237085561497327,1.0,1.0
BLR05,MOD025,0.7290816964285715,1.0,0.55
BLR05,MOD026,1.6769671875000003,1.0,0.55
BLR05,MOD027,10.012380194805193,1.0,1.0
BLR05,MOD028,2.284441666666667,1.0,0.55
BLR05,MOD029,0.42135401785714277,1.0,0.55
BLR05,MOD030,3.9908143939393925,1.0,1.0
BLR05,MOD031,0.789025,1.0,0.55
BLR05,MOD032,1.022703125,1.0,0.55
BLR05,MOD033,2.9697064935064934,1.0,1.0
BLR05,MOD034,1.734028125,1.0,0.55
BLR05,MOD035,1.019482142857143,1.0,0.55
BLR05,MOD036,1.8174448051948051,1.0,1.0
BLR05,MOD037,0.7236583333333334,1.0,0.55
BLR05,MOD038,1.1557602941176475,1.0,0.55
BLR05,MOD039,5.495761363636364,1.0,1.0
BLR05,MOD040,1.0647575892857144,1.0,0.55
BLR05,MOD041,0.8943428571428572,1.0,0.55
BLR05,MOD042,3.5876425324675325,1.0,1.0
BLR05,MOD043,2.09165625,1.0,0.55
BLR05,MOD044,0.8456713392857143,1.0,0.55
BLR05,MOD045,3.4337922077922083,1.0,1.0
BLR05,MOD046,0.839536607142857,1.0,0.55
BLR05,MOD047,1.2296613636363638,1.0,0.55
BLR05,MOD048,6.390248376623376,1.0,1.0
BLR05,MOD049,0.9982566964285716,1.0,0.55
BLR05,MOD050,0.3880936607142858,1.0,0.55
BLR05,MOD051,2.2241444805194805,1.0,1.0
BLR05,MOD052,0.6802119642857144,1.0,0.55
BLR05,MOD053,1.3547450892857145,1.0,0.55
BLR05,MOD054,13.158094967532469,1.0,1.0
BLR05,MOD055,0.9653191176470588,1.0,0.55
BLR05,MOD056,1.0989495535714287,1.0,0.55
BLR05,MOD057,3.4048709415584417,1.0,1.0
BLR05,MOD058,0.7942941964285715,1.0,0.55
BLR05,MOD059,0.6193205357142858,1.0,0.55
BLR05,MOD060,1.2030165584415584,1.0,1.0
BLR06,MOD001,0.5987558035714285,1.0,0.55
BLR06,MOD002,1.3955276785714286,1.0,0.55
BLR06,MOD003,3.397897402597402,1.0,0.6
BLR06,MOD004,1.4779577922077922,1.0,0.6
BLR06,MOD005,0.8942933035714286,1.0,0.55
BLR06,MOD006,0.5017794642857142,1.0,0.55
BLR06,MOD007,3.336303214285715,1.0,0.55
BLR06,MOD008,11.117767207792209,1.0,1.0
BLR06,MOD009,1.1131714285714285,1.0,0.55
BLR06,MOD010,0.9615795454545455,1.0,0.55
BLR06,MOD011,1.380810267857143,1.0,0.55
BLR06,MOD012,16.31269290465632,1.0,1.0
BLR06,MOD013,0.9342037500000001,1.0,0.55
BLR06,MOD014,1.3704139285714287,1.0,0.55
BLR06,MOD015,4.104837662337662,1.0,1.0
BLR06,MOD016,1.0735285714285714,1.0,0.55
BLR06,MOD017,1.484995,1.0,0.55
BLR06,MOD018,2.0851241883116884,1.0,1.0
BLR06,MOD019,0.9587316666666666,1.0,0.55
BLR06,MOD020,0.692015625,1.0,0.55
BLR06,MOD021,5.374490259740259,1.0,1.0
BLR06,MOD022,1.4858341071428571,1.0,0.55
BLR06,MOD023,1.0718714999999999,1.0,0.55
BLR06,MOD024,5.219064049586776,1.0,1.0
BLR06,MOD025,0.615257142857143,1.0,0.55
BLR06,MOD026,0.4713040178571428,1.0,0.55
BLR06,MOD027,3.948879058441559,1.0,1.0
BLR06,MOD028,0.7104495535714287,1.0,0.55
BLR06,MOD029,0.4606103571428572,1.0,0.55
BLR06,MOD030,3.3602727272727266,1.0,1.0
BLR06,MOD031,0.37700357142857144,1.0,0.55
BLR06,MOD032,0.5835924107142858,1.0,0.55
BLR06,MOD033,2.247979338842975,1.0,1.0
BLR06,MOD034,0.7627186607142858,1.0,0.55
BLR06,MOD035,2.3168772321428572,1.0,0.55
BLR06,MOD036,2.6380307486631014,1.0,1.0
BLR06,MOD037,0.35000000000000003,1.0,0.55
BLR06,MOD038,0.5456839285714286,1.0,0.55
BLR06,MOD039,5.524502435064934,1.0,1.0
BLR06,MOD040,1.2299295535714287,1.0,0.55
BLR06,MOD041,1.41039375,1.0,0.55
BLR06,MOD042,4.024380681818181,1.0,1.0
BLR06,MOD043,0.6135822321428572,1.0,0.55
BLR06,MOD044,0.7659495535714287,1.0,0.55
BLR06,MOD045,1.247668831168831,1.0,1.0
BLR06,MOD046,0.35000000000000003,1.0,0.55
BLR06,MOD047,0.4997312499999999,1.0,0.55
BLR06,MOD048,0.39333522727272724,1.0,1.0
BLR06,MOD049,0.35000000000000003,1.0,0.55
BLR06,MOD050,0.350575,1.0,0.55
BLR06,MOD051,2.057031818181818,1.0,1.0
BLR06,MOD052,0.35000000000000003,1.0,0.55
BLR06,MOD053,0.8242741071428572,1.0,0.55
BLR06,MOD054,1.9600944055944054,1.0,1.0
BLR06,MOD055,0.5702327678571429,1.0,0.55
BLR06,MOD056,0.3615785714285714,1.0,0.55
BLR06,MOD057,1.11925,1.0,1.0
BLR06,MOD058,0.6174374999999999,1.0,0.55
BLR06,MOD059,0.3863097321428572,1.0,0.55
BLR06,MOD060,0.706760064935065,1.0,1.0
BLR07,MOD001,0.4990375000000001,1.0,0.55
BLR07,MOD002,0.8314891071428572,1.0,0.55
BLR07,MOD003,0.8049842532467532,1.0,0.6
BLR07,MOD004,3.1412454545454533,1.0,0.6
BLR07,MOD005,0.6740276785714285,1.0,0.55
BLR07,MOD006,2.363616160714286,1.0,0.55
BLR07,MOD007,1.6626135000000002,1.0,0.55
BLR07,MOD008,5.401609577922078,1.0,1.0
BLR07,MOD009,0.35000000000000003,1.0,0.55
BLR07,MOD010,0.35000000000000003,1.0,0.55
BLR07,MOD011,0.35000000000000003,1.0,0.55
BLR07,MOD012,6.156725687103594,1.0,1.0
BLR07,MOD013,1.5896587500000001,1.0,0.55
BLR07,MOD014,0.35000000000000003,1.0,0.55
BLR07,MOD015,3.706030519480519,1.0,1.0
BLR07,MOD016,1.8825798214285716,1.0,0.55
BLR07,MOD017,0.7794776785714286,1.0,0.55
BLR07,MOD018,2.6476022727272728,1.0,1.0
BLR07,MOD019,1.0673955882352946,1.0,0.55
BLR07,MOD020,1.0147249999999999,1.0,0.55
BLR07,MOD021,2.9599699675324675,1.0,1.0
BLR07,MOD022,0.5870908928571429,1.0,0.55
BLR07,MOD023,0.35000000000000003,1.0,0.55
BLR07,MOD024,3.3082727272727275,1.0,1.0
BLR07,MOD025,0.5500152777777778,1.0,0.55
BLR07,MOD026,1.2116442857142857,1.0,0.55
BLR07,MOD027,3.602694805194805,1.0,1.0
BLR07,MOD028,1.1409214285714286,1.0,0.55
BLR07,MOD029,0.5586339285714286,1.0,0.55
BLR07,MOD030,4.592010489510489,1.0,1.0
BLR07,MOD031,0.9552403846153846,1.0,0.55
BLR07,MOD032,0.9682272321428573,1.0,0.55
BLR07,MOD033,3.0223073593073586,1.0,1.0
BLR07,MOD034,0.9255120535714285,1.0,0.55
BLR07,MOD035,1.0799011607142859,1.0,0.55
BLR07,MOD036,3.225166666666666,1.0,1.0
BLR07,MOD037,0.4975178571428571,1.0,0.55
BLR07,MOD038,0.47113553571428574,1.0,0.55
BLR07,MOD039,1.9767370129870132,1.0,1.0
BLR07,MOD040,0.7961772321428571,1.0,0.55
BLR07,MOD041,0.7611131250000002,1.0,0.55
BLR07,MOD042,2.389022727272727,1.0,1.0
BLR07,MOD043,0.3511053571428572,1.0,0.55
BLR07,MOD044,0.5520366964285714,1.0,0.55
BLR07,MOD045,2.4842016233766233,1.0,1.0
BLR07,MOD046,0.3512982142857143,1.0,0.55
BLR07,MOD047,0.35000000000000003,1.0,0.55
BLR07,MOD048,1.9771713286713284,1.0,1.0
BLR07,MOD049,0.3657142857142857,1.0,0.55
BLR07,MOD050,0.618940625,1.0,0.55
BLR07,MOD051,1.1379842532467532,1.0,1.0
BLR07,MOD052,0.70693125,1.0,0.55
BLR07,MOD053,0.5409267857142858,1.0,0.55
BLR07,MOD054,3.390995941558441,1.0,1.0
BLR07,MOD055,0.38390142857142856,1.0,0.55
BLR07,MOD056,0.515225,1.0,0.55
BLR07,MOD057,3.0694923701298698,1.0,1.0
BLR07,MOD058,0.5268833035714285,1.0,0.55
BLR07,MOD059,0.5161797321428572,1.0,0.55
BLR07,MOD060,1.5852637987012985,1.0,1.0
BLR08,MOD001,0.934867767857143,1.0,0.55
BLR08,MOD002,1.6638701785714287,1.0,0.55
BLR08,MOD003,1.7234912337662338,1.0,0.6
BLR08,MOD004,3.931706493506493,1.0,0.6
BLR08,MOD005,1.5193124999999998,1.0,0.55
BLR08,MOD006,1.2185718749999999,1.0,0.55
BLR08,MOD007,1.5796322368421052,1.0,0.55
BLR08,MOD008,7.185538149350649,1.0,1.0
BLR08,MOD009,0.3567464285714286,1.0,0.55
BLR08,MOD010,0.35000000000000003,1.0,0.55
BLR08,MOD011,1.334775,1.0,0.55
BLR08,MOD012,3.5893003246753246,1.0,1.0
BLR08,MOD013,0.7448397321428571,1.0,0.55
BLR08,MOD014,0.9788316964285715,1.0,0.55
BLR08,MOD015,1.541025974025974,1.0,1.0
BLR08,MOD016,0.5323044642857143,1.0,0.55
BLR08,MOD017,0.887207142857143,1.0,0.55
BLR08,MOD018,2.255798701298701,1.0,1.0
BLR08,MOD019,1.1778096153846154,1.0,0.55
BLR08,MOD020,0.86025,1.0,0.55
BLR08,MOD021,3.1397142857142852,1.0,1.0
BLR08,MOD022,0.8127578571428571,1.0,0.55
BLR08,MOD023,0.41555624999999996,1.0,0.55
BLR08,MOD024,4.419231501057082,1.0,1.0
BLR08,MOD025,1.3853989285714285,1.0,0.55
BLR08,MOD026,0.6753953571428573,1.0,0.55
BLR08,MOD027,3.7449886363636367,1.0,1.0
BLR08,MOD028,0.3865674107142858,1.0,0.55
BLR08,MOD029,0.9176825892857143,1.0,0.55
BLR08,MOD030,3.214876832844575,1.0,1.0
BLR08,MOD031,0.413475,1.0,0.55
BLR08,MOD032,0.9945401785714286,1.0,0.55
BLR08,MOD033,2.768170616883117,1.0,1.0
BLR08,MOD034,0.5240125000000001,1.0,0.55
BLR08,MOD035,0.7332441964285714,1.0,0.55
BLR08,MOD036,1.2560478896103895,1.0,1.0
BLR08,MOD037,1.27996875,1.0,0.55
BLR08,MOD038,1.0245101785714286,1.0,0.55
BLR08,MOD039,3.0983595779220776,1.0,1.0
BLR08,MOD040,1.366241517857143,1.0,0.55
BLR08,MOD041,0.35275,1.0,0.55
BLR08,MOD042,1.8174988636363636,1.0,1.0
BLR08,MOD043,0.6523826785714286,1.0,0.55
BLR08,MOD044,0.35000000000000003,1.0,0.55
BLR08,MOD045,1.0307142857142857,1.0,1.0
BLR08,MOD046,0.35000000000000003,1.0,0.55
BLR08,MOD047,0.35000000000000003,1.0,0.55
BLR08,MOD048,1.1614456168831166,1.0,1.0
BLR08,MOD049,0.3753958333333333,1.0,0.55
BLR08,MOD050,1.098454017857143,1.0,0.55
BLR08,MOD051,0.8388068181818181,1.0,1.0
BLR08,MOD052,1.5776172321428572,1.0,0.55
BLR08,MOD053,0.8895416666666668,1.0,0.55
BLR08,MOD054,1.2038080808080807,1.0,1.0
BLR08,MOD055,0.35000000000000003,1.0,0.55
BLR08,MOD056,0.6348583333333333,1.0,0.55
BLR08,MOD057,1.8826753246753247,1.0,1.0
BLR08,MOD058,0.35000000000000003,1.0,0.55
BLR08,MOD059,0.7576344642857145,1.0,0.55
BLR08,MOD060,0.3907824675324675,1.0,1.0
CHI01,MOD001,1.6603023214285717,1.0,0.55
CHI01,MOD002,1.637695982142857,1.0,0.55
CHI01,MOD003,1.6023462662337662,1.0,0.6
CHI01,MOD004,3.1008301435406693,1.0,0.6
CHI01,MOD005,1.639268181818182,1.0,0.55
CHI01,MOD006,1.2321,1.0,0.55
CHI01,MOD007,2.022727232142857,1.0,0.55
CHI01,MOD008,4.752998376623377,1.0,1.0
CHI01,MOD009,0.5629946428571428,1.0,0.55
CHI01,MOD010,0.35000000000000003,1.0,0.55
CHI01,MOD011,0.7582191964285715,1.0,0.55
CHI01,MOD012,6.627030564263322,1.0,1.0
CHI01,MOD013,1.3121480769230771,1.0,0.55
CHI01,MOD014,0.7076250000000001,1.0,0.55
CHI01,MOD015,4.685965909090909,1.0,1.0
CHI01,MOD016,0.9058888392857143,1.0,0.55
CHI01,MOD017,0.7937340909090909,1.0,0.55
CHI01,MOD018,3.29184375,1.0,1.0
CHI01,MOD019,0.7194187500000001,1.0,0.55
CHI01,MOD020,1.404397767857143,1.0,0.55
CHI01,MOD021,8.117361525974026,1.0,1.0
CHI01,MOD022,0.526209375,1.0,0.55
CHI01,MOD023,0.9248183035714286,1.0,0.55
CHI01,MOD024,2.346496753246753,1.0,1.0
CHI01,MOD025,0.3644414285714286,1.0,0.55
CHI01,MOD026,1.3555875,1.0,0.55
CHI01,MOD027,2.860412337662338,1.0,1.0
CHI01,MOD028,0.8433026785714285,1.0,0.55
CHI01,MOD029,0.413128125,1.0,0.55
CHI01,MOD030,2.628081168831169,1.0,1.0
CHI01,MOD031,0.7522826785714285,1.0,0.55
CHI01,MOD032,0.391621875,1.0,0.55
CHI01,MOD033,2.1588238636363632,1.0,1.0
CHI01,MOD034,1.098454017857143,1.0,0.55
CHI01,MOD035,0.5324531250000001,1.0,0.55
CHI01,MOD036,1.1855016233766231,1.0,1.0
CHI01,MOD037,0.38086875000000003,1.0,0.55
CHI01,MOD038,1.5924238392857144,1.0,0.55
CHI01,MOD039,2.4853368506493507,1.0,1.0
CHI01,MOD040,0.4066366071428571,1.0,0.55
CHI01,MOD041,0.35000000000000003,1.0,0.55
CHI01,MOD042,0.8162824675324675,1.0,1.0
CHI01,MOD043,0.4307295535714286,1.0,0.55
CHI01,MOD044,1.242238660714286,1.0,0.55
CHI01,MOD045,0.706760064935065,1.0,1.0
CHI01,MOD046,0.3639207142857143,1.0,0.55
CHI01,MOD047,0.35000000000000003,1.0,0.55
CHI01,MOD048,0.35000000000000003,1.0,1.0
CHI01,MOD049,0.35000000000000003,1.0,0.55
CHI01,MOD050,0.35000000000000003,1.0,0.55
CHI01,MOD051,0.35000000000000003,1.0,1.0
CHI01,MOD052,0.35000000000000003,1.0,0.55
CHI01,MOD053,0.35000000000000003,1.0,0.55
CHI01,MOD054,0.35000000000000003,1.0,1.0
CHI01,MOD055,0.35000000000000003,1.0,0.55
CHI01,MOD056,0.3695617857142858,1.0,0.55
CHI01,MOD057,0.35000000000000003,1.0,1.0
CHI01,MOD058,0.35000000000000003,1.0,0.55
CHI01,MOD059,0.35000000000000003,1.0,0.55
CHI01,MOD060,0.35000000000000003,1.0,1.0
DAV01,MOD001,0.4218,1.0,0.55
DAV01,MOD002,0.4020975,1.0,0.55
DAV01,MOD003,2.5516341233766235,1.0,0.6
DAV01,MOD004,2.4884722402597403,1.0,0.6
DAV01,MOD005,0.6577344642857144,1.0,0.55
DAV01,MOD006,0.9132227678571428,1.0,0.55
DAV01,MOD007,1.7709058928571433,1.0,0.55
DAV01,MOD008,3.209936201298701,1.0,1.0
DAV01,MOD009,0.42163151785714287,1.0,0.55
DAV01,MOD010,0.3860421428571429,1.0,0.55
DAV01,MOD011,0.483196875,1.0,0.55
DAV01,MOD012,4.825767045454545,1.0,1.0
DAV01,MOD013,1.025032142857143,1.0,0.55
DAV01,MOD014,1.154647767857143,1.0,0.55
DAV01,MOD015,2.80932711038961,1.0,1.0
DAV01,MOD016,0.8045517857142859,1.0,0.55
DAV01,MOD017,0.8189124107142858,1.0,0.55
DAV01,MOD018,0.35000000000000003,1.0,1.0
DAV01,MOD019,0.6387125,1.0,0.55
DAV01,MOD020,0.6221450892857143,1.0,0.55
DAV01,MOD021,2.733951623376624,1.0,1.0
DAV01,MOD022,0.38978839285714284,1.0,0.55
DAV01,MOD023,0.61396875,1.0,0.55
DAV01,MOD024,3.056193993506494,1.0,1.0
DAV01,MOD025,0.35000000000000003,1.0,0.55
DAV01,MOD026,0.615125,1.0,0.55
DAV01,MOD027,1.6884073051948052,1.0,1.0
DAV01,MOD028,0.7562965178571429,1.0,0.55
DAV01,MOD029,0.35000000000000003,1.0,0.55
DAV01,MOD030,1.3248102272727271,1.0,1.0
DAV01,MOD031,0.35000000000000003,1.0,0.55
DAV01,MOD032,1.2540125892857146,1.0,0.55
DAV01,MOD033,0.42805275974025975,1.0,1.0
DAV01,MOD034,0.35000000000000003,1.0,0.55
DAV01,MOD035,0.35000000000000003,1.0,0.55
DAV01,MOD036,0.7258246753246753,1.0,1.0
DAV01,MOD037,0.35000000000000003,1.0,0.55
DAV01,MOD038,0.6074276785714287,1.0,0.55
DAV01,MOD039,0.6068060064935066,1.0,1.0
DAV01,MOD040,0.35000000000000003,1.0,0.55
DAV01,MOD041,0.35000000000000003,1.0,0.55
DAV01,MOD042,1.0698465909090908,1.0,1.0
DAV01,MOD043,0.35000000000000003,1.0,0.55
DAV01,MOD044,0.35000000000000003,1.0,0.55
DAV01,MOD045,0.40345616883116875,1.0,1.0
DAV01,MOD046,0.35000000000000003,1.0,0.55
DAV01,MOD047,0.35000000000000003,1.0,0.55
DAV01,MOD048,0.4511464174454829,1.0,1.0
DAV01,MOD049,0.35000000000000003,1.0,0.55
DAV01,MOD050,0.35000000000000003,1.0,0.55
DAV01,MOD051,0.3790503597122302,1.0,1.0
DAV01,MOD052,0.35000000000000003,1.0,0.55
DAV01,MOD053,0.35000000000000003,1.0,0.55
DAV01,MOD054,0.35000000000000003,1.0,1.0
DAV01,MOD055,0.35000000000000003,1.0,0.55
DAV01,MOD056,0.35000000000000003,1.0,0.55
DAV01,MOD057,0.46505666113875066,1.0,1.0
DAV01,MOD058,0.35000000000000003,1.0,0.55
DAV01,MOD059,0.35000000000000003,1.0,0.55
DAV01,MOD060,0.37,1.0,1.0
DAV02,MOD001,0.35000000000000003,1.0,0.55
DAV02,MOD002,0.35000000000000003,1.0,0.55
DAV02,MOD003,1.3050572727272727,1.0,0.6
DAV02,MOD004,2.6175818181818182,1.0,0.6
DAV02,MOD005,0.3897883928571429,1.0,0.55
DAV02,MOD006,0.9160473214285715,1.0,0.55
DAV02,MOD007,0.41283080357142854,1.0,0.55
DAV02,MOD008,4.831527272727271,1.0,1.0
DAV02,MOD009,0.5351290178571428,1.0,0.55
DAV02,MOD010,0.7264058035714285,1.0,0.55
DAV02,MOD011,0.8507865384615385,1.0,0.55
DAV02,MOD012,5.334396915584415,1.0,1.0
DAV02,MOD013,0.35481785714285713,1.0,0.55
DAV02,MOD014,0.5028696428571429,1.0,0.55
DAV02,MOD015,1.957933155080214,1.0,1.0
DAV02,MOD016,0.35000000000000003,1.0,0.55
DAV02,MOD017,0.6325458333333333,1.0,0.55
DAV02,MOD018,0.5158977272727272,1.0,1.0
DAV02,MOD019,0.46758750000000004,1.0,0.55
DAV02,MOD020,1.2256481250000002,1.0,0.55
DAV02,MOD021,2.6174265734265734,1.0,1.0
DAV02,MOD022,0.35000000000000003,1.0,0.55
DAV02,MOD023,0.5482111607142858,1.0,0.55
DAV02,MOD024,1.6119326298701298,1.0,1.0
DAV02,MOD025,1.2660541071428573,1.0,0.55
DAV02,MOD026,0.5399951785714285,1.0,0.55
DAV02,MOD027,1.844954545454545,1.0,1.0
DAV02,MOD028,0.35000000000000003,1.0,0.55
DAV02,MOD029,0.409659375,1.0,0.55
DAV02,MOD030,0.35000000000000003,1.0,1.0
DAV02,MOD031,0.3700165178571429,1.0,0.55
DAV02,MOD032,0.35000000000000003,1.0,0.55
DAV02,MOD033,1.1365246753246754,1.0,1.0
DAV02,MOD034,0.3674982142857143,1.0,0.55
DAV02,MOD035,0.4237722321428572,1.0,0.55
DAV02,MOD036,1.272085227272727,1.0,1.0
DAV02,MOD037,0.40450580357142857,1.0,0.55
DAV02,MOD038,0.45268472222222217,1.0,0.55
DAV02,MOD039,1.963456655844156,1.0,1.0
DAV02,MOD040,0.35000000000000003,1.0,0.55
DAV02,MOD041,0.35000000000000003,1.0,0.55
DAV02,MOD042,0.8236704545454545,1.0,1.0
DAV02,MOD043,0.35000000000000003,1.0,0.55
DAV02,MOD044,0.35000000000000003,1.0,0.55
DAV02,MOD045,0.595724025974026,1.0,1.0
DAV02,MOD046,0.35000000000000003,1.0,0.55
DAV02,MOD047,0.35000000000000003,1.0,0.55
DAV02,MOD048,0.7125983766233766,1.0,1.0
DAV02,MOD049,0.35000000000000003,1.0,0.55
DAV02,MOD050,0.35000000000000003,1.0,0.55
DAV02,MOD051,0.35000000000000003,1.0,1.0
DAV02,MOD052,0.35000000000000003,1.0,0.55
DAV02,MOD053,0.35000000000000003,1.0,0.55
DAV02,MOD054,0.35000000000000003,1.0,1.0
DAV02,MOD055,0.35000000000000003,1.0,0.55
DAV02,MOD056,0.35000000000000003,1.0,0.55
DAV02,MOD057,0.376426948051948,1.0,1.0
DAV02,MOD058,0.35000000000000003,1.0,0.55
DAV02,MOD059,0.35000000000000003,1.0,0.55
DAV02,MOD060,0.6367003246753247,1.0,1.0
HOS01,MOD001,0.8150571428571428,1.0,0.55
HOS01,MOD002,0.35000000000000003,1.0,0.55
HOS01,MOD003,1.3948159090909087,1.0,0.6
HOS01,MOD004,4.758613246753247,1.0,0.6
HOS01,MOD005,0.8836690178571429,1.0,0.55
HOS01,MOD006,0.5464272321428572,1.0,0.55
HOS01,MOD007,1.948494,1.0,0.55
HOS01,MOD008,6.715262006861063,1.0,1.0
HOS01,MOD009,0.8582480357142858,1.0,0.55
HOS01,MOD010,0.6478083333333334,1.0,0.55
HOS01,MOD011,0.4580732142857143,1.0,0.55
HOS01,MOD012,3.200439935064934,1.0,1.0
HOS01,MOD013,0.7130263392857142,1.0,0.55
HOS01,MOD014,1.430621517857143,1.0,0.55
HOS01,MOD015,3.3215308441558435,1.0,1.0
HOS01,MOD016,0.424921875,1.0,0.55
HOS01,MOD017,1.1309611607142858,1.0,0.55
HOS01,MOD018,2.176230681818182,1.0,1.0
HOS01,MOD019,1.9794471428571432,1.0,0.55
HOS01,MOD020,0.35828928571428575,1.0,0.55
HOS01,MOD021,4.445074451410658,1.0,1.0
HOS01,MOD022,0.45108616071428576,1.0,0.55
HOS01,MOD023,0.3535642857142857,1.0,0.55
HOS01,MOD024,2.627,1.0,1.0
HOS01,MOD025,0.6430291666666667,1.0,0.55
HOS01,MOD026,0.4921,1.0,0.55
HOS01,MOD027,2.064816233766234,1.0,1.0
HOS01,MOD028,0.39206785714285713,1.0,0.55
HOS01,MOD029,1.4213450892857145,1.0,0.55
HOS01,MOD030,1.2522637987012986,1.0,1.0
HOS01,MOD031,0.35000000000000003,1.0,0.55
HOS01,MOD032,0.35000000000000003,1.0,0.55
HOS01,MOD033,0.9594472402597403,1.0,1.0
HOS01,MOD034,0.42373258928571433,1.0,0.55
HOS01,MOD035,0.568875,1.0,0.55
HOS01,MOD036,1.1764318181818179,1.0,1.0
HOS01,MOD037,0.7757666666666667,1.0,0.55
HOS01,MOD038,0.925769732142857,1.0,0.55
HOS01,MOD039,3.6358435828877007,1.0,1.0
HOS01,MOD040,0.5977944642857143,1.0,0.55
HOS01,MOD041,0.7744925892857144,1.0,0.55
HOS01,MOD042,0.9275227272727272,1.0,1.0
HOS01,MOD043,0.35000000000000003,1.0,0.55
HOS01,MOD044,0.6473458333333334,1.0,0.55
HOS01,MOD045,2.0833042207792207,1.0,1.0
HOS01,MOD046,0.35000000000000003,1.0,0.55
HOS01,MOD047,0.35000000000000003,1.0,0.55
HOS01,MOD048,0.35000000000000003,1.0,1.0
HOS01,MOD049,0.35000000000000003,1.0,0.55
HOS01,MOD050,0.35000000000000003,1.0,0.55
HOS01,MOD051,0.35000000000000003,1.0,1.0
HOS01,MOD052,0.35000000000000003,1.0,0.55
HOS01,MOD053,0.35000000000000003,1.0,0.55
HOS01,MOD054,0.35000000000000003,1.0,1.0
HOS01,MOD055,0.35000000000000003,1.0,0.55
HOS01,MOD056,0.35000000000000003,1.0,0.55
HOS01,MOD057,0.35490259740259744,1.0,1.0
HOS01,MOD058,0.35000000000000003,1.0,0.55
HOS01,MOD059,0.35000000000000003,1.0,0.55
HOS01,MOD060,0.35000000000000003,1.0,1.0
HUB01,MOD001,1.378838636363636,1.0,0.55
HUB01,MOD002,0.35000000000000003,1.0,0.55
HUB01,MOD003,1.7918751623376619,1.0,0.6
HUB01,MOD004,2.635745454545454,1.0,0.6
HUB01,MOD005,0.5403321428571428,1.0,0.55
HUB01,MOD006,0.39855937500000005,1.0,0.55
HUB01,MOD007,2.396886428571429,1.0,0.55
HUB01,MOD008,6.4940405844155835,1.0,1.0
HUB01,MOD009,0.4604517857142857,1.0,0.55
HUB01,MOD010,0.35000000000000003,1.0,0.55
HUB01,MOD011,1.0346785714285713,1.0,0.55
HUB01,MOD012,3.5954781144781145,1.0,1.0
HUB01,MOD013,1.5123749999999998,1.0,0.55
HUB01,MOD014,0.44974821428571427,1.0,0.55
HUB01,MOD015,2.779128099173554,1.0,1.0
HUB01,MOD016,1.1102279464285716,1.0,0.55
HUB01,MOD017,0.5290339285714286,1.0,0.55
HUB01,MOD018,2.8556071428571426,1.0,1.0
HUB01,MOD019,0.547021875,1.0,0.55
HUB01,MOD020,0.4954366071428572,1.0,0.55
HUB01,MOD021,1.6267987012987013,1.0,1.0
HUB01,MOD022,0.43313785714285724,1.0,0.55
HUB01,MOD023,0.7231352678571429,1.0,0.55
HUB01,MOD024,2.2782629870129867,1.0,1.0
HUB01,MOD025,1.827684375,1.0,0.55
HUB01,MOD026,1.0793326923076922,1.0,0.55
HUB01,MOD027,3.2150357142857136,1.0,1.0
HUB01,MOD028,0.6806017857142858,1.0,0.55
HUB01,MOD029,0.6402541666666666,1.0,0.55
HUB01,MOD030,1.147390422077922,1.0,1.0
HUB01,MOD031,0.516358125,1.0,0.55
HUB01,MOD032,0.35000000000000003,1.0,0.55
HUB01,MOD033,1.5010227272727272,1.0,1.0
HUB01,MOD034,0.35000000000000003,1.0,0.55
HUB01,MOD035,0.3892532142857143,1.0,0.55
HUB01,MOD036,1.7600887987012988,1.0,1.0
HUB01,MOD037,0.35409464285714287,1.0,0.55
HUB01,MOD038,1.2446469642857145,1.0,0.55
HUB01,MOD039,2.0774659090909093,1.0,1.0
HUB01,MOD040,0.35000000000000003,1.0,0.55
HUB01,MOD041,0.7070600892857144,1.0,0.55
HUB01,MOD042,1.2947897727272726,1.0,1.0
HUB01,MOD043,0.35000000000000003,1.0,0.55
HUB01,MOD044,0.9230938392857144,1.0,0.55
HUB01,MOD045,1.4636323051948052,1.0,1.0
HUB01,MOD046,0.6454958333333333,1.0,0.55
HUB01,MOD047,0.35000000000000003,1.0,0.55
HUB01,MOD048,2.6415922459893046,1.0,1.0
HUB01,MOD049,0.35000000000000003,1.0,0.55
HUB01,MOD050,0.5032000000000001,1.0,0.55
HUB01,MOD051,0.9123863636363637,1.0,1.0
HUB01,MOD052,0.35000000000000003,1.0,0.55
HUB01,MOD053,0.5579236607142858,1.0,0.55
HUB01,MOD054,3.3103227272727276,1.0,1.0
HUB01,MOD055,0.3825634821428572,1.0,0.55
HUB01,MOD056,0.5868233035714285,1.0,0.55
HUB01,MOD057,1.9669424242424238,1.0,1.0
HUB01,MOD058,0.3639207142857143,1.0,0.55
HUB01,MOD059,0.377746875,1.0,0.55
HUB01,MOD060,1.113994318181818,1.0,1.0
HUB02,MOD001,0.8362711538461538,1.0,0.55
HUB02,MOD002,1.1426833333333333,1.0,0.55
HUB02,MOD003,2.663437792207792,1.0,0.6
HUB02,MOD004,3.576268636363636,1.0,0.6
HUB02,MOD005,0.8626285714285714,1.0,0.55
HUB02,MOD006,1.0161125,1.0,0.55
HUB02,MOD007,2.0571403225806453,1.0,0.55
HUB02,MOD008,8.677328722002631,1.0,1.0
HUB02,MOD009,1.2700249999999997,1.0,0.55
HUB02,MOD010,0.5430080357142858,1.0,0.55
HUB02,MOD011,0.5659017857142857,1.0,0.55
HUB02,MOD012,4.907613636363637,1.0,1.0
HUB02,MOD013,1.1720410714285714,1.0,0.55
HUB02,MOD014,0.3942482142857144,1.0,0.55
HUB02,MOD015,2.3983027597402593,1.0,1.0
HUB02,MOD016,0.9545455882352942,1.0,0.55
HUB02,MOD017,0.3543357142857143,1.0,0.55
HUB02,MOD018,2.810498376623377,1.0,1.0
HUB02,MOD019,1.02096875,1.0,0.55
HUB02,MOD020,0.6977142857142857,1.0,0.55
HUB02,MOD021,3.973015151515152,1.0,1.0
HUB02,MOD022,0.6438495535714286,1.0,0.55
HUB02,MOD023,1.096025892857143,1.0,0.55
HUB02,MOD024,4.875440746753247,1.0,1.0
HUB02,MOD025,1.844314553571429,1.0,0.55
HUB02,MOD026,1.0447875000000002,1.0,0.55
HUB02,MOD027,4.874828084415585,1.0,1.0
HUB02,MOD028,0.6862674107142859,1.0,0.55
HUB02,MOD029,0.5804011607142858,1.0,0.55
HUB02,MOD030,2.343163149350649,1.0,1.0
HUB02,MOD031,1.0258250000000002,1.0,0.55
HUB02,MOD032,0.43369285714285716,1.0,0.55
HUB02,MOD033,1.736249025974026,1.0,1.0
HUB02,MOD034,0.5522250000000001,1.0,0.55
HUB02,MOD035,0.35949464285714283,1.0,0.55
HUB02,MOD036,1.18874512987013,1.0,1.0
HUB02,MOD037,1.2155340909090908,1.0,0.55
HUB02,MOD038,0.8747416666666668,1.0,0.55
HUB02,MOD039,1.9972792207792205,1.0,1.0
HUB02,MOD040,0.6335919642857143,1.0,0.55
HUB02,MOD041,0.35000000000000003,1.0,0.55
HUB02,MOD042,1.124361525974026,1.0,1.0
HUB02,MOD043,0.35000000000000003,1.0,0.55
HUB02,MOD044,0.35000000000000003,1.0,0.55
HUB02,MOD045,0.48211120129870133,1.0,1.0
HUB02,MOD046,0.35000000000000003,1.0,0.55
HUB02,MOD047,0.35000000000000003,1.0,0.55
HUB02,MOD048,0.35000000000000003,1.0,1.0
HUB02,MOD049,0.35000000000000003,1.0,0.55
HUB02,MOD050,0.35000000000000003,1.0,0.55
HUB02,MOD051,0.4346298701298701,1.0,1.0
HUB02,MOD052,0.35000000000000003,1.0,0.55
HUB02,MOD053,0.35000000000000003,1.0,0.55
HUB02,MOD054,0.35000000000000003,1.0,1.0
HUB02,MOD055,0.3849717857142857,1.0,0.55
HUB02,MOD056,0.35000000000000003,1.0,0.55
HUB02,MOD057,0.5854529220779221,1.0,1.0
HUB02,MOD058,0.35000000000000003,1.0,0.55
HUB02,MOD059,0.35000000000000003,1.0,0.55
HUB02,MOD060,0.37,1.0,1.0
KAL01,MOD001,0.4259625,1.0,0.55
KAL01,MOD002,0.6023732142857143,1.0,0.55
KAL01,MOD003,4.0743597902097894,1.0,0.6
KAL01,MOD004,2.1545532467532467,1.0,0.6
KAL01,MOD005,1.663854761904762,1.0,0.55
KAL01,MOD006,1.0126437499999998,1.0,0.55
KAL01,MOD007,1.4212459821428571,1.0,0.55
KAL01,MOD008,5.85447138047138,1.0,1.0
KAL01,MOD009,0.49834375,1.0,0.55
KAL01,MOD010,0.8715350000000002,1.0,0.55
KAL01,MOD011,1.0486526785714287,1.0,0.55
KAL01,MOD012,7.679488149350648,1.0,1.0
KAL01,MOD013,0.3528732142857143,1.0,0.55
KAL01,MOD014,1.1676583333333335,1.0,0.55
KAL01,MOD015,2.191349025974026,1.0,1.0
KAL01,MOD016,0.6954843749999999,1.0,0.55
KAL01,MOD017,1.4863692857142858,1.0,0.55
KAL01,MOD018,1.8569074675324675,1.0,1.0
KAL01,MOD019,1.0333901785714286,1.0,0.55
KAL01,MOD020,0.7586156250000001,1.0,0.55
KAL01,MOD021,3.670644628099173,1.0,1.0
KAL01,MOD022,0.37061116071428574,1.0,0.55
KAL01,MOD023,0.832153125,1.0,0.55
KAL01,MOD024,6.141403719008265,1.0,1.0
KAL01,MOD025,0.35000000000000003,1.0,0.55
KAL01,MOD026,0.35000000000000003,1.0,0.55
KAL01,MOD027,2.272696969696969,1.0,1.0
KAL01,MOD028,0.5032660714285715,1.0,0.55
KAL01,MOD029,0.57317625,1.0,0.55
KAL01,MOD030,1.6203116883116884,1.0,1.0
KAL01,MOD031,0.50875,1.0,0.55
KAL01,MOD032,0.5660504464285714,1.0,0.55
KAL01,MOD033,3.053901515151515,1.0,1.0
KAL01,MOD034,1.3843285714285716,1.0,0.55
KAL01,MOD035,0.41674553571428574,1.0,0.55
KAL01,MOD036,4.050653084415584,1.0,1.0
KAL01,MOD037,0.6841696428571429,1.0,0.55
KAL01,MOD038,0.3617607142857143,1.0,0.55
KAL01,MOD039,1.7636566558441558,1.0,1.0
KAL01,MOD040,0.39920357142857144,1.0,0.55
KAL01,MOD041,0.35000000000000003,1.0,0.55
KAL01,MOD042,0.7145444805194805,1.0,1.0
KAL01,MOD043,0.5592616071428572,1.0,0.55
KAL01,MOD044,0.3988864285714286,1.0,0.55
KAL01,MOD045,1.3371388888888887,1.0,1.0
KAL01,MOD046,0.35000000000000003,1.0,0.55
KAL01,MOD047,0.35000000000000003,1.0,0.55
KAL01,MOD048,0.3525649350649351,1.0,1.0
KAL01,MOD049,0.35000000000000003,1.0,0.55
KAL01,MOD050,0.35000000000000003,1.0,0.55
KAL01,MOD051,0.35000000000000003,1.0,1.0
KAL01,MOD052,0.35000000000000003,1.0,0.55
KAL01,MOD053,0.35000000000000003,1.0,0.55
KAL01,MOD054,0.35000000000000003,1.0,1.0
KAL01,MOD055,0.35000000000000003,1.0,0.55
KAL01,MOD056,0.35000000000000003,1.0,0.55
KAL01,MOD057,0.35000000000000003,1.0,1.0
KAL01,MOD058,0.35000000000000003,1.0,0.55
KAL01,MOD059,0.35000000000000003,1.0,0.55
KAL01,MOD060,0.35000000000000003,1.0,1.0
KOP01,MOD001,0.7546513392857145,1.0,0.55
KOP01,MOD002,0.6600535714285715,1.0,0.55
KOP01,MOD003,2.627768831168831,1.0,0.6
KOP01,MOD004,2.077381818181818,1.0,0.6
KOP01,MOD005,0.8552550000000001,1.0,0.55
KOP01,MOD006,1.1564132352941177,1.0,0.55
KOP01,MOD007,1.629024107142857,1.0,0.55
KOP01,MOD008,8.098710418794688,1.0,1.0
KOP01,MOD009,0.5843357142857144,1.0,0.55
KOP01,MOD010,0.7275950892857144,1.0,0.55
KOP01,MOD011,1.5758115000000001,1.0,0.55
KOP01,MOD012,5.683424242424242,1.0,1.0
KOP01,MOD013,2.170595089285714,1.0,0.55
KOP01,MOD014,0.6786361607142857,1.0,0.55
KOP01,MOD015,1.947455357142857,1.0,1.0
KOP01,MOD016,0.8437486607142857,1.0,0.55
KOP01,MOD017,1.52416875,1.0,0.55
KOP01,MOD018,2.907803571428571,1.0,1.0
KOP01,MOD019,1.7850881250000001,1.0,0.55
KOP01,MOD020,0.35000000000000003,1.0,0.55
KOP01,MOD021,8.867746753246752,1.0,1.0
KOP01,MOD022,0.9221424107142859,1.0,0.55
KOP01,MOD023,1.175252142857143,1.0,0.55
KOP01,MOD024,6.743659090909091,1.0,1.0
KOP01,MOD025,0.5733017857142857,1.0,0.55
KOP01,MOD026,0.6413223214285714,1.0,0.55
KOP01,MOD027,3.4339724025974023,1.0,1.0
KOP01,MOD028,0.5108973214285714,1.0,0.55
KOP01,MOD029,0.35000000000000003,1.0,0.55
KOP01,MOD030,2.2378784584980242,1.0,1.0
KOP01,MOD031,0.8538575892857144,1.0,0.55
KOP01,MOD032,0.5096750000000001,1.0,0.55
KOP01,MOD033,0.9163806818181818,1.0,1.0
KOP01,MOD034,0.957375,1.0,0.55
KOP01,MOD035,0.5992513392857143,1.0,0.55
KOP01,MOD036,1.1495527597402597,1.0,1.0
KOP01,MOD037,0.35000000000000003,1.0,0.55
KOP01,MOD038,0.35000000000000003,1.0,0.55
KOP01,MOD039,2.341541396103896,1.0,1.0
KOP01,MOD040,0.4815616071428571,1.0,0.55
KOP01,MOD041,0.5959213392857142,1.0,0.55
KOP01,MOD042,1.4203314935064932,1.0,1.0
KOP01,MOD043,0.8221234821428571,1.0,0.55
KOP01,MOD044,0.5483598214285714,1.0,0.55
KOP01,MOD045,1.0338676948051948,1.0,1.0
KOP01,MOD046,0.35000000000000003,1.0,0.55
KOP01,MOD047,0.35000000000000003,1.0,0.55
KOP01,MOD048,0.35261753246753247,1.0,1.0
KOP01,MOD049,0.35000000000000003,1.0,0.55
KOP01,MOD050,0.35000000000000003,1.0,0.55
KOP01,MOD051,0.35000000000000003,1.0,1.0
KOP01,MOD052,0.35000000000000003,1.0,0.55
KOP01,MOD053,0.35000000000000003,1.0,0.55
KOP01,MOD054,0.4321979835013749,1.0,1.0
KOP01,MOD055,0.35000000000000003,1.0,0.55
KOP01,MOD056,0.35000000000000003,1.0,0.55
KOP01,MOD057,0.46505666113875066,1.0,1.0
KOP01,MOD058,0.35000000000000003,1.0,0.55
KOP01,MOD059,0.35000000000000003,1.0,0.55
KOP01,MOD060,0.37,1.0,1.0
MAN01,MOD001,0.35000000000000003,1.0,0.55
MAN01,MOD002,0.5984750000000001,1.0,0.55
MAN01,MOD003,0.895802435064935,1.0,0.6
MAN01,MOD004,1.180713986013986,1.0,0.6
MAN01,MOD005,0.35000000000000003,1.0,0.55
MAN01,MOD006,1.7404007142857143,1.0,0.55
MAN01,MOD007,1.2494767857142857,1.0,0.55
MAN01,MOD008,2.871043831168831,1.0,1.0
MAN01,MOD009,0.35000000000000003,1.0,0.55
MAN01,MOD010,0.97902,1.0,0.55
MAN01,MOD011,0.7194187500000001,1.0,0.55
MAN01,MOD012,3.7099407467532464,1.0,1.0
MAN01,MOD013,0.45484305555555554,1.0,0.55
MAN01,MOD014,0.7678821428571428,1.0,0.55
MAN01,MOD015,1.056752435064935,1.0,1.0
MAN01,MOD016,0.35000000000000003,1.0,0.55
MAN01,MOD017,0.35000000000000003,1.0,0.55
MAN01,MOD018,1.7222118506493502,1.0,1.0
MAN01,MOD019,0.9058392857142857,1.0,0.55
MAN01,MOD020,0.3781708333333333,1.0,0.55
MAN01,MOD021,1.792577922077922,1.0,1.0
MAN01,MOD022,0.38463482142857147,1.0,0.55
MAN01,MOD023,0.9203584821428573,1.0,0.55
MAN01,MOD024,3.2812573051948046,1.0,1.0
MAN01,MOD025,1.6911642857142857,1.0,0.55
MAN01,MOD026,0.9394442307692308,1.0,0.55
MAN01,MOD027,6.784050909090908,1.0,1.0
MAN01,MOD028,1.0240245535714287,1.0,0.55
MAN01,MOD029,0.9533611607142858,1.0,0.55
MAN01,MOD030,3.1478230519480515,1.0,1.0
MAN01,MOD031,0.4724933035714286,1.0,0.55
MAN01,MOD032,2.5238129464285715,1.0,0.55
MAN01,MOD033,4.295898760330578,1.0,1.0
MAN01,MOD034,2.044025357142857,1.0,0.55
MAN01,MOD035,0.35000000000000003,1.0,0.55
MAN01,MOD036,3.4476852272727276,1.0,1.0
MAN01,MOD037,1.335092142857143,1.0,0.55
MAN01,MOD038,0.40263267857142865,1.0,0.55
MAN01,MOD039,5.472054195804195,1.0,1.0
MAN01,MOD040,0.8783866071428572,1.0,0.55
MAN01,MOD041,0.8071384821428572,1.0,0.55
MAN01,MOD042,1.7890641233766233,1.0,1.0
MAN01,MOD043,0.5450892857142857,1.0,0.55
MAN01,MOD044,0.5861691964285715,1.0,0.55
MAN01,MOD045,1.075458041958042,1.0,1.0
MAN01,MOD046,0.47149305555555554,1.0,0.55
MAN01,MOD047,1.1172678571428571,1.0,0.55
MAN01,MOD048,6.361372159090908,1.0,1.0
MAN01,MOD049,0.6492013392857143,1.0,0.55
MAN01,MOD050,0.6425116071428572,1.0,0.55
MAN01,MOD051,3.826977272727272,1.0,1.0
MAN01,MOD052,1.216460892857143,1.0,0.55
MAN01,MOD053,0.35000000000000003,1.0,0.55
MAN01,MOD054,3.0161907467532463,1.0,1.0
MAN01,MOD055,0.35000000000000003,1.0,0.55
MAN01,MOD056,0.7626294642857143,1.0,0.55
MAN01,MOD057,4.688930652680653,1.0,1.0
MAN01,MOD058,0.4201647321428571,1.0,0.55
MAN01,MOD059,0.42834107142857136,1.0,0.55
MAN01,MOD060,0.4212954545454545,1.0,1.0
MAN02,MOD001,0.3526482142857143,1.0,0.55
MAN02,MOD002,1.2569560714285717,1.0,0.55
MAN02,MOD003,0.35000000000000003,1.0,0.6
MAN02,MOD004,1.36541871657754,1.0,0.6
MAN02,MOD005,0.35000000000000003,1.0,0.55
MAN02,MOD006,0.741866517857143,1.0,0.55
MAN02,MOD007,0.47025972222222223,1.0,0.55
MAN02,MOD008,2.15549025974026,1.0,1.0
MAN02,MOD009,0.4050013392857143,1.0,0.55
MAN02,MOD010,0.7076250000000001,1.0,0.55
MAN02,MOD011,0.41146312500000004,1.0,0.55
MAN02,MOD012,3.3344147727272726,1.0,1.0
MAN02,MOD013,0.35000000000000003,1.0,0.55
MAN02,MOD014,1.6619970535714288,1.0,0.55
MAN02,MOD015,2.985647727272727,1.0,1.0
MAN02,MOD016,0.5104513392857143,1.0,0.55
MAN02,MOD017,0.35000000000000003,1.0,0.55
MAN02,MOD018,0.35000000000000003,1.0,1.0
MAN02,MOD019,0.4451397321428571,1.0,0.55
MAN02,MOD020,0.593271875,1.0,0.55
MAN02,MOD021,1.5532792207792205,1.0,1.0
MAN02,MOD022,0.35000000000000003,1.0,0.55
MAN02,MOD023,0.35000000000000003,1.0,0.55
MAN02,MOD024,0.9509961038961039,1.0,1.0
MAN02,MOD025,0.41347500000000004,1.0,0.55
MAN02,MOD026,0.35000000000000003,1.0,0.55
MAN02,MOD027,1.1998838383838382,1.0,1.0
MAN02,MOD028,0.35000000000000003,1.0,0.55
MAN02,MOD029,0.35000000000000003,1.0,0.55
MAN02,MOD030,0.6035625,1.0,1.0
MAN02,MOD031,0.5474876785714287,1.0,0.55
MAN02,MOD032,0.35000000000000003,1.0,0.55
MAN02,MOD033,0.6663784090909091,1.0,1.0
MAN02,MOD034,0.3597839285714286,1.0,0.55
MAN02,MOD035,0.35000000000000003,1.0,0.55
MAN02,MOD036,0.6204707792207791,1.0,1.0
MAN02,MOD037,0.5664964285714287,1.0,0.55
MAN02,MOD038,0.35633307226771094,1.0,0.55
MAN02,MOD039,3.5046087662337664,1.0,1.0
MAN02,MOD040,0.35000000000000003,1.0,0.55
MAN02,MOD041,0.35000000000000003,1.0,0.55
MAN02,MOD042,0.4691732142857143,1.0,1.0
MAN02,MOD043,0.35000000000000003,1.0,0.55
MAN02,MOD044,0.35000000000000003,1.0,0.55
MAN02,MOD045,1.0791146103896105,1.0,1.0
MAN02,MOD046,0.35000000000000003,1.0,0.55
MAN02,MOD047,0.35000000000000003,1.0,0.55
MAN02,MOD048,0.8117775974025974,1.0,1.0
MAN02,MOD049,0.35000000000000003,1.0,0.55
MAN02,MOD050,0.35000000000000003,1.0,0.55
MAN02,MOD051,0.43643181818181814,1.0,1.0
MAN02,MOD052,0.35000000000000003,1.0,0.55
MAN02,MOD053,0.35000000000000003,1.0,0.55
MAN02,MOD054,1.1107387987012987,1.0,1.0
MAN02,MOD055,1.2425062500000001,1.0,0.55
MAN02,MOD056,0.35000000000000003,1.0,0.55
MAN02,MOD057,0.4475137987012987,1.0,1.0
MAN02,MOD058,0.35000000000000003,1.0,0.55
MAN02,MOD059,0.35000000000000003,1.0,0.55
MAN02,MOD060,0.37,1.0,1.0
MYS01,MOD001,0.35000000000000003,1.0,0.55
MYS01,MOD002,0.35000000000000003,1.0,0.55
MYS01,MOD003,1.5120146103896102,1.0,0.6
MYS01,MOD004,1.2599509090909091,1.0,0.6
MYS01,MOD005,0.4541089285714286,1.0,0.55
MYS01,MOD006,0.39964955357142856,1.0,0.55
MYS01,MOD007,0.5783892857142857,1.0,0.55
MYS01,MOD008,3.218369318181818,1.0,1.0
MYS01,MOD009,0.35000000000000003,1.0,0.55
MYS01,MOD010,0.35000000000000003,1.0,0.55
MYS01,MOD011,0.9276428571428574,1.0,0.55
MYS01,MOD012,1.3885811688311689,1.0,1.0
MYS01,MOD013,0.4046544642857143,1.0,0.55
MYS01,MOD014,0.3537571428571429,1.0,0.55
MYS01,MOD015,1.7634944805194808,1.0,1.0
MYS01,MOD016,1.026650892857143,1.0,0.55
MYS01,MOD017,0.49082812500000006,1.0,0.55
MYS01,MOD018,0.443719696969697,1.0,1.0
MYS01,MOD019,0.804834090909091,1.0,0.55
MYS01,MOD020,0.35587857142857143,1.0,0.55
MYS01,MOD021,4.194340422077922,1.0,1.0
MYS01,MOD022,0.35000000000000003,1.0,0.55
MYS01,MOD023,0.35000000000000003,1.0,0.55
MYS01,MOD024,2.708165746753247,1.0,1.0
MYS01,MOD025,0.9533314285714286,1.0,0.55
MYS01,MOD026,0.3593017857142857,1.0,0.55
MYS01,MOD027,0.8998928571428572,1.0,1.0
MYS01,MOD028,0.42521919642857137,1.0,0.55
MYS01,MOD029,0.35000000000000003,1.0,0.55
MYS01,MOD030,2.185961201298701,1.0,1.0
MYS01,MOD031,0.35000000000000003,1.0,0.55
MYS01,MOD032,0.3560714285714286,1.0,0.55
MYS01,MOD033,0.9802597402597402,1.0,1.0
MYS01,MOD034,0.4537125,1.0,0.55
MYS01,MOD035,0.5456839285714286,1.0,0.55
MYS01,MOD036,1.0221910714285714,1.0,1.0
MYS01,MOD037,0.5351785714285715,1.0,0.55
MYS01,MOD038,0.35000000000000003,1.0,0.55
MYS01,MOD039,1.1722573051948049,1.0,1.0
MYS01,MOD040,0.36478857142857146,1.0,0.55
MYS01,MOD041,0.6371708333333335,1.0,0.55
MYS01,MOD042,1.1068465909090908,1.0,1.0
MYS01,MOD043,0.35000000000000003,1.0,0.55
MYS01,MOD044,0.9102495535714288,1.0,0.55
MYS01,MOD045,1.847663474025974,1.0,1.0
MYS01,MOD046,0.5664865178571428,1.0,0.55
MYS01,MOD047,0.35000000000000003,1.0,0.55
MYS01,MOD048,1.1263076298701298,1.0,1.0
MYS01,MOD049,0.35000000000000003,1.0,0.55
MYS01,MOD050,0.35940785714285717,1.0,0.55
MYS01,MOD051,0.4156553571428572,1.0,1.0
MYS01,MOD052,0.35000000000000003,1.0,0.55
MYS01,MOD053,0.35000000000000003,1.0,0.55
MYS01,MOD054,0.9268920454545453,1.0,1.0
MYS01,MOD055,0.35000000000000003,1.0,0.55
MYS01,MOD056,0.3847041964285714,1.0,0.55
MYS01,MOD057,0.5042030844155844,1.0,1.0
MYS01,MOD058,0.35000000000000003,1.0,0.55
MYS01,MOD059,0.35000000000000003,1.0,0.55
MYS01,MOD060,0.40291558441558434,1.0,1.0
MYS02,MOD001,1.3729312500000002,1.0,0.55
MYS02,MOD002,0.354625,1.0,0.55
MYS02,MOD003,0.9179875494071146,1.0,0.6
MYS02,MOD004,3.1927636363636362,1.0,0.6
MYS02,MOD005,2.0638157608695655,1.0,0.55
MYS02,MOD006,0.8219886363636364,1.0,0.55
MYS02,MOD007,2.2462633928571427,1.0,0.55
MYS02,MOD008,4.519465909090908,1.0,1.0
MYS02,MOD009,0.4650180555555555,1.0,0.55
MYS02,MOD010,0.9260075892857145,1.0,0.55
MYS02,MOD011,1.3322973214285716,1.0,0.55
MYS02,MOD012,5.404611244019138,1.0,1.0
MYS02,MOD013,0.6096575892857143,1.0,0.55
MYS02,MOD014,1.6399655357142857,1.0,0.55
MYS02,MOD015,2.574216783216783,1.0,1.0
MYS02,MOD016,0.9808931250000001,1.0,0.55
MYS02,MOD017,0.7302709821428571,1.0,0.55
MYS02,MOD018,0.6768116883116884,1.0,1.0
MYS02,MOD019,0.568544642857143,1.0,0.55
MYS02,MOD020,0.4650602678571429,1.0,0.55
MYS02,MOD021,5.235521561771562,1.0,1.0
MYS02,MOD022,0.5697669642857143,1.0,0.55
MYS02,MOD023,0.8272473214285714,1.0,0.55
MYS02,MOD024,3.943923701298701,1.0,1.0
MYS02,MOD025,0.35000000000000003,1.0,0.55
MYS02,MOD026,0.5282212500000001,1.0,0.55
MYS02,MOD027,2.9072629870129867,1.0,1.0
MYS02,MOD028,0.4669928571428571,1.0,0.55
MYS02,MOD029,0.35000000000000003,1.0,0.55
MYS02,MOD030,1.0445892857142858,1.0,1.0
MYS02,MOD031,1.0908596153846155,1.0,0.55
MYS02,MOD032,0.35988035714285715,1.0,0.55
MYS02,MOD033,1.141353896103896,1.0,1.0
MYS02,MOD034,0.6750517857142857,1.0,0.55
MYS02,MOD035,0.6349299107142857,1.0,0.55
MYS02,MOD036,0.7522232142857143,1.0,1.0
MYS02,MOD037,0.8550468750000001,1.0,0.55
MYS02,MOD038,0.43458482142857147,1.0,0.55
MYS02,MOD039,1.3145211038961038,1.0,1.0
MYS02,MOD040,0.6236041666666665,1.0,0.55
MYS02,MOD041,0.35000000000000003,1.0,0.55
MYS02,MOD042,1.1209318181818182,1.0,1.0
MYS02,MOD043,0.5605995535714285,1.0,0.55
MYS02,MOD044,0.35000000000000003,1.0,0.55
MYS02,MOD045,3.03932775974026,1.0,1.0
MYS02,MOD046,0.35000000000000003,1.0,0.55
MYS02,MOD047,0.35000000000000003,1.0,0.55
MYS02,MOD048,0.6829202922077923,1.0,1.0
MYS02,MOD049,0.35000000000000003,1.0,0.55
MYS02,MOD050,0.35000000000000003,1.0,0.55
MYS02,MOD051,0.39132905844155846,1.0,1.0
MYS02,MOD052,0.35000000000000003,1.0,0.55
MYS02,MOD053,0.36149071428571433,1.0,0.55
MYS02,MOD054,0.3872386363636363,1.0,1.0
MYS02,MOD055,0.35000000000000003,1.0,0.55
MYS02,MOD056,0.35000000000000003,1.0,0.55
MYS02,MOD057,0.9991801948051948,1.0,1.0
MYS02,MOD058,0.35000000000000003,1.0,0.55
MYS02,MOD059,0.35000000000000003,1.0,0.55
MYS02,MOD060,0.35000000000000003,1.0,1.0
SHI01,MOD001,0.9659081250000001,1.0,0.55
SHI01,MOD002,1.39651875,1.0,0.55
SHI01,MOD003,2.8246725,1.0,0.6
SHI01,MOD004,3.1076118881118875,1.0,0.6
SHI01,MOD005,1.4038625892857146,1.0,0.55
SHI01,MOD006,1.133917857142857,1.0,0.55
SHI01,MOD007,1.8078332142857145,1.0,0.55
SHI01,MOD008,5.813137272727272,1.0,1.0
SHI01,MOD009,0.35695000000000005,1.0,0.55
SHI01,MOD010,0.8895559821428571,1.0,0.55
SHI01,MOD011,1.6073691964285712,1.0,0.55
SHI01,MOD012,6.767075757575756,1.0,1.0
SHI01,MOD013,0.5469525000000001,1.0,0.55
SHI01,MOD014,1.0423098214285713,1.0,0.55
SHI01,MOD015,5.488499512987013,1.0,1.0
SHI01,MOD016,0.3521875,1.0,0.55
SHI01,MOD017,0.6312133928571428,1.0,0.55
SHI01,MOD018,1.536434343434343,1.0,1.0
SHI01,MOD019,0.5654558035714286,1.0,0.55
SHI01,MOD020,1.3599779464285713,1.0,0.55
SHI01,MOD021,4.545711616161615,1.0,1.0
SHI01,MOD022,1.0161125000000002,1.0,0.55
SHI01,MOD023,0.7445424107142857,1.0,0.55
SHI01,MOD024,7.117025510204082,1.0,1.0
SHI01,MOD025,0.7799291666666668,1.0,0.55
SHI01,MOD026,0.8215982142857143,1.0,0.55
SHI01,MOD027,1.0185277777777775,1.0,1.0
SHI01,MOD028,0.35000000000000003,1.0,0.55
SHI01,MOD029,0.35000000000000003,1.0,0.55
SHI01,MOD030,2.196664772727273,1.0,1.0
SHI01,MOD031,0.35000000000000003,1.0,0.55
SHI01,MOD032,0.35000000000000003,1.0,0.55
SHI01,MOD033,2.46975,1.0,1.0
SHI01,MOD034,1.1388600000000002,1.0,0.55
SHI01,MOD035,0.78921,1.0,0.55
SHI01,MOD036,1.434590909090909,1.0,1.0
SHI01,MOD037,0.35000000000000003,1.0,0.55
SHI01,MOD038,0.37662916666666674,1.0,0.55
SHI01,MOD039,1.1508141233766234,1.0,1.0
SHI01,MOD040,0.3872666666666667,1.0,0.55
SHI01,MOD041,0.5296285714285714,1.0,0.55
SHI01,MOD042,1.9695292207792208,1.0,1.0
SHI01,MOD043,0.35000000000000003,1.0,0.55
SHI01,MOD044,0.35000000000000003,1.0,0.55
SHI01,MOD045,1.0732762987012987,1.0,1.0
SHI01,MOD046,0.35000000000000003,1.0,0.55
SHI01,MOD047,0.35000000000000003,1.0,0.55
SHI01,MOD048,0.35000000000000003,1.0,1.0
SHI01,MOD049,0.38095794642857145,1.0,0.55
SHI01,MOD050,0.35000000000000003,1.0,0.55
SHI01,MOD051,0.37332759740259736,1.0,1.0
SHI01,MOD052,0.5274184821428572,1.0,0.55
SHI01,MOD053,0.35000000000000003,1.0,0.55
SHI01,MOD054,0.5230154220779221,1.0,1.0
SHI01,MOD055,0.35000000000000003,1.0,0.55
SHI01,MOD056,0.35000000000000003,1.0,0.55
SHI01,MOD057,0.46505666113875066,1.0,1.0
SHI01,MOD058,0.35000000000000003,1.0,0.55
SHI01,MOD059,0.35000000000000003,1.0,0.55
SHI01,MOD060,0.37,1.0,1.0
TUM01,MOD001,2.140089910714286,1.0,0.55
TUM01,MOD002,1.5719978571428572,1.0,0.55
TUM01,MOD003,1.9343947214076245,1.0,0.6
TUM01,MOD004,2.1259022727272727,1.0,0.6
TUM01,MOD005,1.7911138392857144,1.0,0.55
TUM01,MOD006,0.5993504464285714,1.0,0.55
TUM01,MOD007,1.8161185714285717,1.0,0.55
TUM01,MOD008,6.47158211143695,1.0,1.0
TUM01,MOD009,1.1450343750000003,1.0,0.55
TUM01,MOD010,0.9519934821428573,1.0,0.55
TUM01,MOD011,1.6538504464285715,1.0,0.55
TUM01,MOD012,12.258508441558442,1.0,1.0
TUM01,MOD013,2.144026666666667,1.0,0.55
TUM01,MOD014,1.4322964285714286,1.0,0.55
TUM01,MOD015,5.104468344155843,1.0,1.0
TUM01,MOD016,1.5059825892857144,1.0,0.55
TUM01,MOD017,0.705890625,1.0,0.55
TUM01,MOD018,1.4093936688311686,1.0,1.0
TUM01,MOD019,0.6137375,1.0,0.55
TUM01,MOD020,1.2922670454545455,1.0,0.55
TUM01,MOD021,4.998964285714285,1.0,1.0
TUM01,MOD022,1.8301124999999998,1.0,0.55
TUM01,MOD023,1.4541693750000002,1.0,0.55
TUM01,MOD024,9.927161157024791,1.0,1.0
TUM01,MOD025,1.3164173076923078,1.0,0.55
TUM01,MOD026,1.0339848214285716,1.0,0.55
TUM01,MOD027,2.697606331168831,1.0,1.0
TUM01,MOD028,0.518809375,1.0,0.55
TUM01,MOD029,0.3807200892857142,1.0,0.55
TUM01,MOD030,3.375156818181818,1.0,1.0
TUM01,MOD031,1.4106415178571428,1.0,0.55
TUM01,MOD032,1.4423392857142858,1.0,0.55
TUM01,MOD033,2.3237021103896103,1.0,1.0
TUM01,MOD034,0.45450535714285717,1.0,0.55
TUM01,MOD035,0.7299736607142857,1.0,0.55
TUM01,MOD036,3.126415909090909,1.0,1.0
TUM01,MOD037,0.4394410714285715,1.0,0.55
TUM01,MOD038,0.35000000000000003,1.0,0.55
TUM01,MOD039,3.534572884012539,1.0,1.0
TUM01,MOD040,0.5706589285714286,1.0,0.55
TUM01,MOD041,0.35000000000000003,1.0,0.55
TUM01,MOD042,4.914553030303031,1.0,1.0
TUM01,MOD043,0.35226250000000003,1.0,0.55
TUM01,MOD044,0.45361339285714286,1.0,0.55
TUM01,MOD045,2.477623966942149,1.0,1.0
TUM01,MOD046,0.35000000000000003,1.0,0.55
TUM01,MOD047,0.35000000000000003,1.0,0.55
TUM01,MOD048,0.35000000000000003,1.0,1.0
TUM01,MOD049,0.35000000000000003,1.0,0.55
TUM01,MOD050,0.35000000000000003,1.0,0.55
TUM01,MOD051,0.35000000000000003,1.0,1.0
TUM01,MOD052,0.35000000000000003,1.0,0.55
TUM01,MOD053,0.35000000000000003,1.0,0.55
TUM01,MOD054,0.35000000000000003,1.0,1.0
TUM01,MOD055,0.35000000000000003,1.0,0.55
TUM01,MOD056,0.35000000000000003,1.0,0.55
TUM01,MOD057,0.3647207792207792,1.0,1.0
TUM01,MOD058,0.35000000000000003,1.0,0.55
TUM01,MOD059,0.35000000000000003,1.0,0.55
TUM01,MOD060,0.35000000000000003,1.0,1.0
TUM02,MOD001,0.5611347321428573,1.0,0.55
TUM02,MOD002,0.35000000000000003,1.0,0.55
TUM02,MOD003,0.9051545454545454,1.0,0.6
TUM02,MOD004,1.4333595779220778,1.0,0.6
TUM02,MOD005,0.35000000000000003,1.0,0.55
TUM02,MOD006,0.7140174107142857,1.0,0.55
TUM02,MOD007,0.407716875,1.0,0.55
TUM02,MOD008,4.807082560296846,1.0,1.0
TUM02,MOD009,0.42056116071428573,1.0,0.55
TUM02,MOD010,0.3972808928571429,1.0,0.55
TUM02,MOD011,0.37940416666666665,1.0,0.55
TUM02,MOD012,2.956275974025974,1.0,1.0
TUM02,MOD013,0.4011361607142857,1.0,0.55
TUM02,MOD014,0.407716875,1.0,0.55
TUM02,MOD015,1.2076655844155844,1.0,1.0
TUM02,MOD016,0.35539642857142856,1.0,0.55
TUM02,MOD017,0.41681491071428567,1.0,0.55
TUM02,MOD018,2.401654383116883,1.0,1.0
TUM02,MOD019,0.6081875000000001,1.0,0.55
TUM02,MOD020,0.41208750000000005,1.0,0.55
TUM02,MOD021,1.783838474025974,1.0,1.0
TUM02,MOD022,1.0773144642857142,1.0,0.55
TUM02,MOD023,0.38344553571428563,1.0,0.55
TUM02,MOD024,3.5015454545454543,1.0,1.0
TUM02,MOD025,0.35226250000000003,1.0,0.55
TUM02,MOD026,0.411463125,1.0,0.55
TUM02,MOD027,1.4513069805194805,1.0,1.0
TUM02,MOD028,0.35000000000000003,1.0,0.55
TUM02,MOD029,0.4958,1.0,0.55
TUM02,MOD030,1.5528287337662336,1.0,1.0
TUM02,MOD031,0.35000000000000003,1.0,0.55
TUM02,MOD032,0.35000000000000003,1.0,0.55
TUM02,MOD033,0.9117556818181818,1.0,1.0
TUM02,MOD034,0.35000000000000003,1.0,0.55
TUM02,MOD035,0.35000000000000003,1.0,0.55
TUM02,MOD036,0.35000000000000003,1.0,1.0
TUM02,MOD037,0.3511053571428572,1.0,0.55
TUM02,MOD038,0.35000000000000003,1.0,0.55
TUM02,MOD039,1.578686688311688,1.0,1.0
TUM02,MOD040,0.421631517857143,1.0,0.55
TUM02,MOD041,0.35000000000000003,1.0,0.55
TUM02,MOD042,0.35000000000000003,1.0,1.0
TUM02,MOD043,0.35000000000000003,1.0,0.55
TUM02,MOD044,0.35000000000000003,1.0,0.55
TUM02,MOD045,0.8407889610389611,1.0,1.0
TUM02,MOD046,0.35000000000000003,1.0,0.55
TUM02,MOD047,0.35000000000000003,1.0,0.55
TUM02,MOD048,0.35000000000000003,1.0,1.0
TUM02,MOD049,0.35000000000000003,1.0,0.55
TUM02,MOD050,0.35000000000000003,1.0,0.55
TUM02,MOD051,0.3790503597122302,1.0,1.0
TUM02,MOD052,0.35000000000000003,1.0,0.55
TUM02,MOD053,0.35000000000000003,1.0,0.55
TUM02,MOD054,0.3504084415584416,1.0,1.0
TUM02,MOD055,0.35000000000000003,1.0,0.55
TUM02,MOD056,0.35000000000000003,1.0,0.55
TUM02,MOD057,0.46505666113875066,1.0,1.0
TUM02,MOD058,0.35000000000000003,1.0,0.55
TUM02,MOD059,0.35000000000000003,1.0,0.55
TUM02,MOD060,0.35000000000000003,1.0,1.0
UDU01,MOD001,1.025957142857143,1.0,0.55
UDU01,MOD002,0.959010267857143,1.0,0.55
UDU01,MOD003,1.6968584415584413,1.0,0.6
UDU01,MOD004,1.8900452922077915,1.0,0.6
UDU01,MOD005,1.0238758928571428,1.0,0.55
UDU01,MOD006,0.40584375000000006,1.0,0.55
UDU01,MOD007,0.49241383928571425,1.0,0.55
UDU01,MOD008,5.974869318181818,1.0,1.0
UDU01,MOD009,0.8879183823529413,1.0,0.55
UDU01,MOD010,0.6118874999999999,1.0,0.55
UDU01,MOD011,0.35000000000000003,1.0,0.55
UDU01,MOD012,3.6583367768595036,1.0,1.0
UDU01,MOD013,0.5251885714285714,1.0,0.55
UDU01,MOD014,0.8772808823529412,1.0,0.55
UDU01,MOD015,2.8780580808080805,1.0,1.0
UDU01,MOD016,1.4030598214285717,1.0,0.55
UDU01,MOD017,0.4424638392857143,1.0,0.55
UDU01,MOD018,1.3433522727272726,1.0,1.0
UDU01,MOD019,2.0913886607142858,1.0,0.55
UDU01,MOD020,0.35017964285714287,1.0,0.55
UDU01,MOD021,7.796740909090909,1.0,1.0
UDU01,MOD022,0.504240625,1.0,0.55
UDU01,MOD023,1.2060249107142857,1.0,0.55
UDU01,MOD024,3.358831168831168,1.0,1.0
UDU01,MOD025,0.47673472222222224,1.0,0.55
UDU01,MOD026,0.7457316964285714,1.0,0.55
UDU01,MOD027,4.964400252525252,1.0,1.0
UDU01,MOD028,0.5383995535714287,1.0,0.55
UDU01,MOD029,0.49395,1.0,0.55
UDU01,MOD030,1.556558766233766,1.0,1.0
UDU01,MOD031,0.5249375000000001,1.0,0.55
UDU01,MOD032,0.7413115178571429,1.0,0.55
UDU01,MOD033,1.290375,1.0,1.0
UDU01,MOD034,0.4470525000000001,1.0,0.55
UDU01,MOD035,0.6186664285714286,1.0,0.55
UDU01,MOD036,2.7496826298701302,1.0,1.0
UDU01,MOD037,0.351625,1.0,0.55
UDU01,MOD038,0.7533133928571428,1.0,0.55
UDU01,MOD039,2.8648887559808607,1.0,1.0
UDU01,MOD040,0.7430558035714285,1.0,0.55
UDU01,MOD041,0.35000000000000003,1.0,0.55
UDU01,MOD042,1.7745984848484846,1.0,1.0
UDU01,MOD043,0.553374642857143,1.0,0.55
UDU01,MOD044,0.35409464285714287,1.0,0.55
UDU01,MOD045,1.8549613636363635,1.0,1.0
UDU01,MOD046,0.35000000000000003,1.0,0.55
UDU01,MOD047,0.35000000000000003,1.0,0.55
UDU01,MOD048,1.017830357142857,1.0,1.0
UDU01,MOD049,0.7191016071428573,1.0,0.55
UDU01,MOD050,0.35000000000000003,1.0,0.55
UDU01,MOD051,1.1798254870129872,1.0,1.0
UDU01,MOD052,0.35000000000000003,1.0,0.55
UDU01,MOD053,0.35000000000000003,1.0,0.55
UDU01,MOD054,0.8404419191919189,1.0,1.0
UDU01,MOD055,0.6071468750000001,1.0,0.55
UDU01,MOD056,0.35000000000000003,1.0,0.55
UDU01,MOD057,1.2976728896103897,1.0,1.0
UDU01,MOD058,0.35000000000000003,1.0,0.55
UDU01,MOD059,0.35000000000000003,1.0,0.55
UDU01,MOD060,0.40787094155844156,1.0,1.0
