store_id,model_id,current_stock,warehouse_stock
BEL01,MOD001,0,44
BEL01,MOD002,3,55
BEL01,MOD003,1,132
BEL01,MOD004,3,203
BEL01,MOD005,1,78
BEL01,MOD007,0,136
BEL01,MOD008,3,296
BEL01,MOD009,1,45
BEL01,MOD010,1,51
BEL01,MOD011,2,73
BEL01,MOD012,4,218
BEL01,MOD013,2,83
BEL01,MOD014,0,61
BEL01,MOD015,1,119
BEL01,MOD016,0,80
BEL01,MOD017,1,65
BEL01,MOD018,2,79
BEL01,MOD019,2,56
BEL01,MOD021,2,173
BEL01,MOD022,1,53
BEL01,MOD023,0,53
BEL01,MOD024,1,198
BEL01,MOD025,1,71
BEL01,MOD026,0,54
BEL01,MOD027,3,159
BEL01,MOD029,0,36
BEL01,MOD030,1,99
BEL01,MOD031,0,61
BEL01,MOD032,1,57
BEL01,MOD033,2,89
BEL01,MOD034,0,60
BEL01,MOD035,0,49
BEL01,MOD036,2,71
BEL01,MOD037,3,45
BEL01,MOD038,1,44
BEL01,MOD039,3,106
BEL01,MOD040,1,68
BEL01,MOD041,0,43
BEL01,MOD042,1,91
BEL01,MOD043,0,46
BEL01,MOD044,0,36
BEL01,MOD045,2,85
BEL01,MOD046,0,28
BEL01,MOD047,1,42
BEL01,MOD048,1,94
BEL01,MOD049,0,25
BEL01,MOD051,0,48
BEL01,MOD053,0,32
BEL01,MOD054,2,97
BEL01,MOD055,0,27
BEL01,MOD056,0,32
BEL01,MOD057,1,97
BEL01,MOD059,0,22
BEL01,MOD060,2,32
BLR01,MOD001,1,44
BLR01,MOD002,1,55
BLR01,MOD003,2,132
BLR01,MOD004,3,203
BLR01,MOD005,1,78
BLR01,MOD006,0,53
BLR01,MOD007,1,136
BLR01,MOD008,4,296
BLR01,MOD009,2,45
BLR01,MOD010,0,51
BLR01,MOD011,0,73
BLR01,MOD012,5,218
BLR01,MOD013,1,83
BLR01,MOD014,1,61
BLR01,MOD015,2,119
BLR01,MOD016,1,80
BLR01,MOD017,0,65
BLR01,MOD018,5,79
BLR01,MOD019,0,56
BLR01,MOD020,2,40
BLR01,MOD021,3,173
BLR01,MOD022,2,53
BLR01,MOD023,1,53
BLR01,MOD024,1,198
BLR01,MOD025,5,71
BLR01,MOD026,0,54
BLR01,MOD027,9,159
BLR01,MOD028,3,70
BLR01,MOD029,0,36
BLR01,MOD030,2,99
BLR01,MOD031,4,61
BLR01,MOD032,2,57
BLR01,MOD033,3,89
BLR01,MOD034,2,60
BLR01,MOD035,6,49
BLR01,MOD036,2,71
BLR01,MOD037,1,45
BLR01,MOD038,1,44
BLR01,MOD039,5,106
BLR01,MOD040,2,68
BLR01,MOD041,1,43
BLR01,MOD042,5,91
BLR01,MOD043,2,46
BLR01,MOD044,1,36
BLR01,MOD045,1,85
BLR01,MOD046,1,28
BLR01,MOD047,2,42
BLR01,MOD048,7,94
BLR01,MOD049,0,25
BLR01,MOD050,2,35
BLR01,MOD051,5,48
BLR01,MOD052,2,28
BLR01,MOD053,2,32
BLR01,MOD054,7,97
BLR01,MOD055,1,27
BLR01,MOD056,3,32
BLR01,MOD057,3,97
BLR01,MOD058,1,17
BLR01,MOD059,0,22
BLR01,MOD060,1,32
BLR02,MOD001,1,44
BLR02,MOD002,4,55
BLR02,MOD003,7,132
BLR02,MOD004,1,203
BLR02,MOD005,4,78
BLR02,MOD006,0,53
BLR02,MOD007,5,136
BLR02,MOD008,13,296
BLR02,MOD009,1,45
BLR02,MOD010,0,51
BLR02,MOD011,3,73
BLR02,MOD012,2,218
BLR02,MOD013,4,83
BLR02,MOD014,2,61
BLR02,MOD015,3,119
BLR02,MOD016,2,80
BLR02,MOD017,1,65
BLR02,MOD018,3,79
BLR02,MOD019,0,56
BLR02,MOD020,1,40
BLR02,MOD021,5,173
BLR02,MOD022,1,53
BLR02,MOD023,2,53
BLR02,MOD024,3,198
BLR02,MOD025,2,71
BLR02,MOD026,4,54
BLR02,MOD027,8,159
BLR02,MOD028,3,70
BLR02,MOD029,2,36
BLR02,MOD030,3,99
BLR02,MOD031,1,61
BLR02,MOD032,2,57
BLR02,MOD033,4,89
BLR02,MOD034,3,60
BLR02,MOD035,2,49
BLR02,MOD036,3,71
BLR02,MOD037,2,45
BLR02,MOD038,3,44
BLR02,MOD039,4,106
BLR02,MOD040,3,68
BLR02,MOD041,0,43
BLR02,MOD042,4,91
BLR02,MOD043,1,46
BLR02,MOD044,3,36
BLR02,MOD045,2,85
BLR02,MOD046,0,28
BLR02,MOD047,2,42
BLR02,MOD048,5,94
BLR02,MOD049,2,25
BLR02,MOD050,3,35
BLR02,MOD051,2,48
BLR02,MOD052,2,28
BLR02,MOD053,2,32
BLR02,MOD054,3,97
BLR02,MOD055,2,27
BLR02,MOD056,2,32
BLR02,MOD057,6,97
BLR02,MOD058,1,17
BLR02,MOD059,1,22
BLR02,MOD060,4,32
BLR03,MOD001,0,44
BLR03,MOD002,1,55
BLR03,MOD003,0,132
BLR03,MOD004,2,203
BLR03,MOD005,0,78
BLR03,MOD006,1,53
BLR03,MOD007,1,136
BLR03,MOD008,4,296
BLR03,MOD009,2,45
BLR03,MOD010,0,51
BLR03,MOD011,0,73
BLR03,MOD012,3,218
BLR03,MOD013,0,83
BLR03,MOD014,1,61
BLR03,MOD015,2,119
BLR03,MOD016,0,80
BLR03,MOD017,0,65
BLR03,MOD018,7,79
BLR03,MOD019,1,56
BLR03,MOD020,1,40
BLR03,MOD021,1,173
BLR03,MOD022,1,53
BLR03,MOD023,1,53
BLR03,MOD024,1,198
BLR03,MOD025,3,71
BLR03,MOD026,0,54
BLR03,MOD027,6,159
BLR03,MOD028,2,70
BLR03,MOD029,2,36
BLR03,MOD030,6,99
BLR03,MOD031,2,61
BLR03,MOD032,1,57
BLR03,MOD033,1,89
BLR03,MOD034,0,60
BLR03,MOD035,1,49
BLR03,MOD036,2,71
BLR03,MOD037,0,45
BLR03,MOD038,1,44
BLR03,MOD039,7,106
BLR03,MOD040,1,68
BLR03,MOD041,2,43
BLR03,MOD042,2,91
BLR03,MOD043,0,46
BLR03,MOD044,2,36
BLR03,MOD045,6,85
BLR03,MOD046,7,28
BLR03,MOD047,2,42
BLR03,MOD048,2,94
BLR03,MOD049,0,25
BLR03,MOD050,2,35
BLR03,MOD051,1,48
BLR03,MOD052,1,28
BLR03,MOD053,2,32
BLR03,MOD054,5,97
BLR03,MOD055,3,27
BLR03,MOD056,0,32
BLR03,MOD057,7,97
BLR03,MOD058,1,17
BLR03,MOD059,1,22
BLR03,MOD060,1,32
BLR04,MOD001,0,44
BLR04,MOD002,1,55
BLR04,MOD003,2,132
BLR04,MOD004,2,203
BLR04,MOD005,1,78
BLR04,MOD006,2,53
BLR04,MOD007,4,136
BLR04,MOD008,8,296
BLR04,MOD009,2,45
BLR04,MOD010,0,51
BLR04,MOD011,2,73
BLR04,MOD012,10,218
BLR04,MOD013,1,83
BLR04,MOD014,1,61
BLR04,MOD015,2,119
BLR04,MOD016,3,80
BLR04,MOD018,4,79
BLR04,MOD019,0,56
BLR04,MOD020,1,40
BLR04,MOD021,2,173
BLR04,MOD022,1,53
BLR04,MOD023,0,53
BLR04,MOD024,3,198
BLR04,MOD025,2,71
BLR04,MOD026,3,54
BLR04,MOD027,4,159
BLR04,MOD028,3,70
BLR04,MOD029,3,36
BLR04,MOD030,3,99
BLR04,MOD031,2,61
BLR04,MOD032,2,57
BLR04,MOD033,4,89
BLR04,MOD034,2,60
BLR04,MOD035,8,49
BLR04,MOD036,5,71
BLR04,MOD037,1,45
BLR04,MOD038,4,44
BLR04,MOD039,8,106
BLR04,MOD040,2,68
BLR04,MOD041,1,43
BLR04,MOD042,2,91
BLR04,MOD043,1,46
BLR04,MOD044,4,36
BLR04,MOD045,5,85
BLR04,MOD046,5,28
BLR04,MOD047,4,42
BLR04,MOD048,8,94
BLR04,MOD049,0,25
BLR04,MOD050,1,35
BLR04,MOD051,2,48
BLR04,MOD052,4,28
BLR04,MOD053,1,32
BLR04,MOD054,4,97
BLR04,MOD055,4,27
BLR04,MOD056,1,32
BLR04,MOD057,5,97
BLR04,MOD058,0,17
BLR04,MOD059,1,22
BLR04,MOD060,3,32
BLR05,MOD001,1,44
BLR05,MOD002,2,55
BLR05,MOD003,4,132
BLR05,MOD004,4,203
BLR05,MOD005,0,78
BLR05,MOD006,2,53
BLR05,MOD007,0,136
BLR05,MOD008,4,296
BLR05,MOD009,1,45
BLR05,MOD010,3,51
BLR05,MOD011,3,73
BLR05,MOD012,6,218
BLR05,MOD013,2,83
BLR05,MOD014,2,61
BLR05,MOD015,2,119
BLR05,MOD016,2,80
BLR05,MOD017,0,65
BLR05,MOD018,4,79
BLR05,MOD019,1,56
BLR05,MOD020,2,40
BLR05,MOD021,3,173
BLR05,MOD022,3,53
BLR05,MOD023,3,53
BLR05,MOD024,1,198
BLR05,MOD025,1,71
BLR05,MOD026,3,54
BLR05,MOD027,5,159
BLR05,MOD028,4,70
BLR05,MOD029,1,36
BLR05,MOD030,4,99
BLR05,MOD031,1,61
BLR05,MOD032,2,57
BLR05,MOD033,3,89
BLR05,MOD034,4,60
BLR05,MOD035,3,49
BLR05,MOD036,2,71
BLR05,MOD037,2,45
BLR05,MOD038,2,44
BLR05,MOD039,10,106
BLR05,MOD040,1,68
BLR05,MOD041,1,43
BLR05,MOD042,1,91
BLR05,MOD043,3,46
BLR05,MOD044,1,36
BLR05,MOD045,7,85
BLR05,MOD046,3,28
BLR05,MOD047,1,42
BLR05,MOD048,8,94
BLR05,MOD049,3,25
BLR05,MOD050,0,35
BLR05,MOD051,2,48
BLR05,MOD052,1,28
BLR05,MOD053,3,32
BLR05,MOD054,14,97
BLR05,MOD055,2,27
BLR05,MOD056,2,32
BLR05,MOD057,2,97
BLR05,MOD058,1,17
BLR05,MOD059,2,22
BLR05,MOD060,0,32
BLR06,MOD001,2,44
BLR06,MOD002,2,55
BLR06,MOD003,5,132
BLR06,MOD004,3,203
BLR06,MOD005,3,78
BLR06,MOD006,1,53
BLR06,MOD007,5,136
BLR06,MOD008,9,296
BLR06,MOD009,2,45
BLR06,MOD010,1,51
BLR06,MOD011,3,73
BLR06,MOD012,29,218
BLR06,MOD013,1,83
BLR06,MOD014,3,61
BLR06,MOD015,5,119
BLR06,MOD016,2,80
BLR06,MOD017,3,65
BLR06,MOD018,3,79
BLR06,MOD019,2,56
BLR06,MOD020,1,40
BLR06,MOD021,9,173
BLR06,MOD022,1,53
BLR06,MOD023,1,53
BLR06,MOD024,7,198
BLR06,MOD025,1,71
BLR06,MOD026,1,54
BLR06,MOD027,5,159
BLR06,MOD028,0,70
BLR06,MOD029,0,36
BLR06,MOD030,3,99
BLR06,MOD031,2,61
BLR06,MOD032,3,57
BLR06,MOD033,4,89
BLR06,MOD034,1,60
BLR06,MOD035,2,49
BLR06,MOD036,3,71
BLR06,MOD037,0,45
BLR06,MOD038,3,44
BLR06,MOD039,3,106
BLR06,MOD040,2,68
BLR06,MOD041,2,43
BLR06,MOD042,3,91
BLR06,MOD043,2,46
BLR06,MOD044,3,36
BLR06,MOD045,1,85
BLR06,MOD046,0,28
BLR06,MOD047,1,42
BLR06,MOD048,1,94
BLR06,MOD049,1,25
BLR06,MOD050,2,35
BLR06,MOD051,3,48
BLR06,MOD052,0,28
BLR06,MOD053,4,32
BLR06,MOD054,2,97
BLR06,MOD055,0,27
BLR06,MOD056,1,32
BLR06,MOD057,0,97
BLR06,MOD058,2,17
BLR06,MOD059,0,22
BLR06,MOD060,1,32
BLR07,MOD001,2,44
BLR07,MOD002,2,55
BLR07,MOD003,2,132
BLR07,MOD004,4,203
BLR07,MOD005,1,78
BLR07,MOD006,4,53
BLR07,MOD007,4,136
BLR07,MOD008,13,296
BLR07,MOD009,0,45
BLR07,MOD010,1,51
BLR07,MOD011,0,73
BLR07,MOD012,2,218
BLR07,MOD013,3,83
BLR07,MOD014,0,61
BLR07,MOD015,3,119
BLR07,MOD016,1,80
BLR07,MOD017,2,65
BLR07,MOD018,3,79
BLR07,MOD019,3,56
BLR07,MOD020,2,40
BLR07,MOD021,3,173
BLR07,MOD022,1,53
BLR07,MOD023,1,53
BLR07,MOD024,3,198
BLR07,MOD025,2,71
BLR07,MOD026,2,54
BLR07,MOD027,3,159
BLR07,MOD028,3,70
BLR07,MOD029,1,36
BLR07,MOD030,2,99
BLR07,MOD031,1,61
BLR07,MOD032,2,57
BLR07,MOD033,3,89
BLR07,MOD034,4,60
BLR07,MOD035,2,49
BLR07,MOD036,3,71
BLR07,MOD037,1,45
BLR07,MOD038,0,44
BLR07,MOD039,3,106
BLR07,MOD040,3,68
BLR07,MOD041,2,43
BLR07,MOD042,1,91
BLR07,MOD043,1,46
BLR07,MOD044,1,36
BLR07,MOD045,2,85
BLR07,MOD046,0,28
BLR07,MOD047,1,42
BLR07,MOD048,1,94
BLR07,MOD049,1,25
BLR07,MOD050,3,35
BLR07,MOD051,2,48
BLR07,MOD052,3,28
BLR07,MOD053,1,32
BLR07,MOD054,4,97
BLR07,MOD055,1,27
BLR07,MOD056,0,32
BLR07,MOD057,4,97
BLR07,MOD058,0,17
BLR07,MOD059,1,22
BLR07,MOD060,0,32
BLR08,MOD001,3,44
BLR08,MOD002,3,55
BLR08,MOD003,5,132
BLR08,MOD004,4,203
BLR08,MOD005,5,78
BLR08,MOD006,3,53
BLR08,MOD007,3,136
BLR08,MOD008,16,296
BLR08,MOD009,2,45
BLR08,MOD010,1,51
BLR08,MOD011,4,73
BLR08,MOD012,5,218
BLR08,MOD013,4,83
BLR08,MOD014,1,61
BLR08,MOD015,2,119
BLR08,MOD016,3,80
BLR08,MOD017,3,65
BLR08,MOD018,3,79
BLR08,MOD019,2,56
BLR08,MOD020,2,40
BLR08,MOD021,4,173
BLR08,MOD022,2,53
BLR08,MOD023,1,53
BLR08,MOD024,4,198
BLR08,MOD025,1,71
BLR08,MOD026,2,54
BLR08,MOD027,10,159
BLR08,MOD028,1,70
BLR08,MOD029,3,36
BLR08,MOD030,4,99
BLR08,MOD031,2,61
BLR08,MOD032,1,57
BLR08,MOD033,1,89
BLR08,MOD034,1,60
BLR08,MOD035,3,49
BLR08,MOD036,2,71
BLR08,MOD037,3,45
BLR08,MOD038,2,44
BLR08,MOD039,4,106
BLR08,MOD040,7,68
BLR08,MOD041,0,43
BLR08,MOD042,0,91
BLR08,MOD043,0,46
BLR08,MOD044,0,36
BLR08,MOD045,2,85
BLR08,MOD046,1,28
BLR08,MOD047,0,42
BLR08,MOD048,2,94
BLR08,MOD049,1,25
BLR08,MOD050,2,35
BLR08,MOD051,1,48
BLR08,MOD052,4,28
BLR08,MOD053,1,32
BLR08,MOD054,1,97
BLR08,MOD056,1,32
BLR08,MOD057,2,97
BLR08,MOD058,0,17
BLR08,MOD059,1,22
BLR08,MOD060,1,32
CHI01,MOD001,2,44
CHI01,MOD002,6,55
CHI01,MOD003,4,132
CHI01,MOD004,12,203
CHI01,MOD005,5,78
CHI01,MOD006,1,53
CHI01,MOD007,5,136
CHI01,MOD008,4,296
CHI01,MOD009,2,45
CHI01,MOD010,2,51
CHI01,MOD011,1,73
CHI01,MOD012,10,218
CHI01,MOD013,4,83
CHI01,MOD014,2,61
CHI01,MOD015,4,119
CHI01,MOD016,3,80
CHI01,MOD017,1,65
CHI01,MOD018,5,79
CHI01,MOD019,1,56
CHI01,MOD020,3,40
CHI01,MOD021,6,173
CHI01,MOD022,2,53
CHI01,MOD023,3,53
CHI01,MOD024,3,198
CHI01,MOD025,0,71
CHI01,MOD026,2,54
CHI01,MOD027,4,159
CHI01,MOD028,3,70
CHI01,MOD029,1,36
CHI01,MOD030,2,99
CHI01,MOD031,0,61
CHI01,MOD032,1,57
CHI01,MOD033,2,89
CHI01,MOD034,2,60
CHI01,MOD035,2,49
CHI01,MOD036,1,71
CHI01,MOD037,1,45
CHI01,MOD038,2,44
CHI01,MOD039,4,106
CHI01,MOD040,2,68
CHI01,MOD041,1,43
CHI01,MOD042,2,91
CHI01,MOD043,0,46
CHI01,MOD044,3,36
CHI01,MOD045,0,85
CHI01,MOD046,0,28
CHI01,MOD048,0,94
CHI01,MOD050,0,35
CHI01,MOD051,0,48
CHI01,MOD052,0,28
CHI01,MOD053,1,32
CHI01,MOD054,1,97
CHI01,MOD056,1,32
CHI01,MOD057,1,97
CHI01,MOD058,0,17
CHI01,MOD059,0,22
CHI01,MOD060,1,32
DAV01,MOD001,0,44
DAV01,MOD002,0,55
DAV01,MOD003,5,132
DAV01,MOD004,5,203
DAV01,MOD005,0,78
DAV01,MOD006,4,53
DAV01,MOD007,2,136
DAV01,MOD008,3,296
DAV01,MOD009,0,45
DAV01,MOD010,0,51
DAV01,MOD011,0,73
DAV01,MOD012,4,218
DAV01,MOD013,1,83
DAV01,MOD014,1,61
DAV01,MOD015,2,119
DAV01,MOD016,2,80
DAV01,MOD017,1,65
DAV01,MOD018,0,79
DAV01,MOD019,2,56
DAV01,MOD020,2,40
DAV01,MOD021,2,173
DAV01,MOD022,1,53
DAV01,MOD023,2,53
DAV01,MOD024,3,198
DAV01,MOD025,0,71
DAV01,MOD026,2,54
DAV01,MOD027,2,159
DAV01,MOD028,0,70
DAV01,MOD030,0,99
DAV01,MOD031,1,61
DAV01,MOD032,3,57
DAV01,MOD033,0,89
DAV01,MOD035,0,49
DAV01,MOD036,1,71
DAV01,MOD037,1,45
DAV01,MOD038,2,44
DAV01,MOD039,1,106
DAV01,MOD041,0,43
DAV01,MOD042,2,91
DAV01,MOD043,0,46
DAV01,MOD044,0,36
DAV01,MOD045,0,85
DAV01,MOD054,1,97
DAV02,MOD001,0,44
DAV02,MOD002,1,55
DAV02,MOD003,2,132
DAV02,MOD004,4,203
DAV02,MOD005,2,78
DAV02,MOD006,1,53
DAV02,MOD007,0,136
DAV02,MOD008,4,296
DAV02,MOD009,0,45
DAV02,MOD010,2,51
DAV02,MOD011,1,73
DAV02,MOD012,8,218
DAV02,MOD013,0,83
DAV02,MOD014,2,61
DAV02,MOD015,4,119
DAV02,MOD016,0,80
DAV02,MOD017,3,65
DAV02,MOD018,1,79
DAV02,MOD019,0,56
DAV02,MOD020,3,40
DAV02,MOD021,3,173
DAV02,MOD022,1,53
DAV02,MOD023,1,53
DAV02,MOD024,2,198
DAV02,MOD025,2,71
DAV02,MOD026,0,54
DAV02,MOD027,4,159
DAV02,MOD028,0,70
DAV02,MOD029,0,36
DAV02,MOD030,0,99
DAV02,MOD031,2,61
DAV02,MOD032,0,57
DAV02,MOD033,0,89
DAV02,MOD034,0,60
DAV02,MOD035,0,49
DAV02,MOD036,1,71
DAV02,MOD037,0,45
DAV02,MOD038,2,44
DAV02,MOD039,1,106
DAV02,MOD040,0,68
DAV02,MOD041,0,43
DAV02,MOD042,2,91
DAV02,MOD043,1,46
DAV02,MOD044,0,36
DAV02,MOD045,1,85
DAV02,MOD046,0,28
DAV02,MOD048,0,94
DAV02,MOD049,0,25
DAV02,MOD051,0,48
DAV02,MOD053,0,32
DAV02,MOD057,1,97
DAV02,MOD059,1,22
DAV02,MOD060,1,32
HOS01,MOD001,2,44
HOS01,MOD002,0,55
HOS01,MOD003,3,132
HOS01,MOD004,9,203
HOS01,MOD005,0,78
HOS01,MOD006,1,53
HOS01,MOD007,4,136
HOS01,MOD008,6,296
HOS01,MOD009,1,45
HOS01,MOD010,1,51
HOS01,MOD011,1,73
HOS01,MOD012,3,218
HOS01,MOD013,2,83
HOS01,MOD014,1,61
HOS01,MOD015,6,119
HOS01,MOD016,1,80
HOS01,MOD017,2,65
HOS01,MOD018,2,79
HOS01,MOD019,3,56
HOS01,MOD020,1,40
HOS01,MOD021,5,173
HOS01,MOD022,1,53
HOS01,MOD023,2,53
HOS01,MOD024,3,198
HOS01,MOD025,1,71
HOS01,MOD026,1,54
HOS01,MOD027,2,159
HOS01,MOD028,2,70
HOS01,MOD029,2,36
HOS01,MOD030,1,99
HOS01,MOD031,1,61
HOS01,MOD032,1,57
HOS01,MOD033,3,89
HOS01,MOD034,0,60
HOS01,MOD035,3,49
HOS01,MOD036,3,71
HOS01,MOD037,1,45
HOS01,MOD038,0,44
HOS01,MOD039,4,106
HOS01,MOD040,2,68
HOS01,MOD041,1,43
HOS01,MOD042,0,91
HOS01,MOD043,1,46
HOS01,MOD044,0,36
HOS01,MOD045,2,85
HOS01,MOD048,0,94
HOS01,MOD050,0,35
HOS01,MOD054,1,97
HUB01,MOD001,3,44
HUB01,MOD002,0,55
HUB01,MOD003,7,132
HUB01,MOD004,8,203
HUB01,MOD005,2,78
HUB01,MOD006,1,53
HUB01,MOD007,2,136
HUB01,MOD008,8,296
HUB01,MOD009,1,45
HUB01,MOD010,1,51
HUB01,MOD011,4,73
HUB01,MOD012,2,218
HUB01,MOD013,4,83
HUB01,MOD014,1,61
HUB01,MOD015,2,119
HUB01,MOD016,3,80
HUB01,MOD017,2,65
HUB01,MOD018,2,79
HUB01,MOD019,3,56
HUB01,MOD020,1,40
HUB01,MOD021,2,173
HUB01,MOD022,1,53
HUB01,MOD023,3,53
HUB01,MOD024,2,198
HUB01,MOD025,4,71
HUB01,MOD026,3,54
HUB01,MOD027,5,159
HUB01,MOD028,1,70
HUB01,MOD029,1,36
HUB01,MOD030,1,99
HUB01,MOD031,1,61
HUB01,MOD032,1,57
HUB01,MOD033,2,89
HUB01,MOD034,1,60
HUB01,MOD035,0,49
HUB01,MOD036,2,71
HUB01,MOD037,2,45
HUB01,MOD038,1,44
HUB01,MOD039,3,106
HUB01,MOD040,0,68
HUB01,MOD041,1,43
HUB01,MOD042,3,91
HUB01,MOD043,0,46
HUB01,MOD044,1,36
HUB01,MOD045,1,85
HUB01,MOD046,2,28
HUB01,MOD047,0,42
HUB01,MOD048,2,94
HUB01,MOD049,1,25
HUB01,MOD050,1,35
HUB01,MOD051,0,48
HUB01,MOD053,0,32
HUB01,MOD054,3,97
HUB01,MOD055,0,27
HUB01,MOD056,0,32
HUB01,MOD057,3,97
HUB01,MOD058,1,17
HUB01,MOD059,0,22
HUB01,MOD060,1,32
HUB02,MOD001,2,44
HUB02,MOD002,2,55
HUB02,MOD003,3,132
HUB02,MOD004,10,203
HUB02,MOD005,2,78
HUB02,MOD006,3,53
HUB02,MOD007,5,136
HUB02,MOD008,16,296
HUB02,MOD009,3,45
HUB02,MOD010,1,51
HUB02,MOD011,2,73
HUB02,MOD012,6,218
HUB02,MOD013,2,83
HUB02,MOD014,1,61
HUB02,MOD015,6,119
HUB02,MOD016,4,80
HUB02,MOD017,0,65
HUB02,MOD018,1,79
HUB02,MOD019,3,56
HUB02,MOD020,2,40
HUB02,MOD021,2,173
HUB02,MOD022,3,53
HUB02,MOD023,6,53
HUB02,MOD024,10,198
HUB02,MOD025,4,71
HUB02,MOD026,2,54
HUB02,MOD027,3,159
HUB02,MOD028,2,70
HUB02,MOD029,2,36
HUB02,MOD030,3,99
HUB02,MOD031,1,61
HUB02,MOD032,1,57
HUB02,MOD033,1,89
HUB02,MOD034,2,60
HUB02,MOD035,1,49
HUB02,MOD036,1,71
HUB02,MOD037,2,45
HUB02,MOD038,2,44
HUB02,MOD039,2,106
HUB02,MOD040,1,68
HUB02,MOD041,0,43
HUB02,MOD042,1,91
HUB02,MOD043,1,46
HUB02,MOD044,0,36
HUB02,MOD045,1,85
HUB02,MOD047,0,42
HUB02,MOD048,1,94
HUB02,MOD050,1,35
HUB02,MOD051,1,48
HUB02,MOD052,0,28
HUB02,MOD053,1,32
HUB02,MOD054,1,97
HUB02,MOD055,0,27
HUB02,MOD057,1,97
HUB02,MOD058,0,17
KAL01,MOD001,2,44
KAL01,MOD002,2,55
KAL01,MOD003,8,132
KAL01,MOD004,3,203
KAL01,MOD005,2,78
KAL01,MOD006,1,53
KAL01,MOD007,4,136
KAL01,MOD008,4,296
KAL01,MOD009,0,45
KAL01,MOD010,1,51
KAL01,MOD011,2,73
KAL01,MOD012,6,218
KAL01,MOD013,1,83
KAL01,MOD014,2,61
KAL01,MOD015,4,119
KAL01,MOD016,3,80
KAL01,MOD017,3,65
KAL01,MOD018,1,79
KAL01,MOD019,4,56
KAL01,MOD020,0,40
KAL01,MOD021,2,173
KAL01,MOD022,1,53
KAL01,MOD023,4,53
KAL01,MOD024,5,198
KAL01,MOD025,0,71
KAL01,MOD026,1,54
KAL01,MOD027,3,159
KAL01,MOD028,0,70
KAL01,MOD029,0,36
KAL01,MOD030,3,99
KAL01,MOD031,1,61
KAL01,MOD032,0,57
KAL01,MOD033,2,89
KAL01,MOD034,2,60
KAL01,MOD035,2,49
KAL01,MOD036,3,71
KAL01,MOD037,2,45
KAL01,MOD038,1,44
KAL01,MOD039,2,106
KAL01,MOD040,1,68
KAL01,MOD041,0,43
KAL01,MOD042,0,91
KAL01,MOD043,1,46
KAL01,MOD044,0,36
KAL01,MOD045,4,85
KAL01,MOD047,0,42
KAL01,MOD050,0,35
KAL01,MOD051,0,48
KAL01,MOD052,0,28
KAL01,MOD053,1,32
KAL01,MOD054,0,97
KAL01,MOD056,0,32
KAL01,MOD059,0,22
KAL01,MOD060,0,32
KOP01,MOD001,1,44
KOP01,MOD002,2,55
KOP01,MOD003,5,132
KOP01,MOD004,3,203
KOP01,MOD005,3,78
KOP01,MOD006,4,53
KOP01,MOD007,4,136
KOP01,MOD008,6,296
KOP01,MOD009,1,45
KOP01,MOD010,2,51
KOP01,MOD011,3,73
KOP01,MOD012,5,218
KOP01,MOD013,2,83
KOP01,MOD014,2,61
KOP01,MOD015,3,119
KOP01,MOD016,2,80
KOP01,MOD017,4,65
KOP01,MOD018,3,79
KOP01,MOD019,2,56
KOP01,MOD020,0,40
KOP01,MOD021,6,173
KOP01,MOD022,4,53
KOP01,MOD023,1,53
KOP01,MOD024,5,198
KOP01,MOD025,0,71
KOP01,MOD026,1,54
KOP01,MOD027,4,159
KOP01,MOD028,1,70
KOP01,MOD029,1,36
KOP01,MOD030,2,99
KOP01,MOD031,3,61
KOP01,MOD032,1,57
KOP01,MOD033,2,89
KOP01,MOD034,1,60
KOP01,MOD035,1,49
KOP01,MOD036,1,71
KOP01,MOD037,0,45
KOP01,MOD038,0,44
KOP01,MOD039,4,106
KOP01,MOD040,2,68
KOP01,MOD041,1,43
KOP01,MOD042,2,91
KOP01,MOD043,2,46
KOP01,MOD044,1,36
KOP01,MOD045,0,85
KOP01,MOD046,0,28
KOP01,MOD048,0,94
KOP01,MOD050,0,35
KOP01,MOD051,1,48
MAN01,MOD001,1,44
MAN01,MOD002,1,55
MAN01,MOD003,1,132
MAN01,MOD004,4,203
MAN01,MOD006,3,53
MAN01,MOD007,3,136
MAN01,MOD008,3,296
MAN01,MOD010,1,51
MAN01,MOD011,1,73
MAN01,MOD012,7,218
MAN01,MOD013,0,83
MAN01,MOD014,2,61
MAN01,MOD015,2,119
MAN01,MOD016,0,80
MAN01,MOD017,0,65
MAN01,MOD018,2,79
MAN01,MOD019,2,56
MAN01,MOD020,0,40
MAN01,MOD021,3,173
MAN01,MOD022,2,53
MAN01,MOD023,2,53
MAN01,MOD024,6,198
MAN01,MOD025,3,71
MAN01,MOD026,2,54
MAN01,MOD027,5,159
MAN01,MOD028,3,70
MAN01,MOD029,3,36
MAN01,MOD030,2,99
MAN01,MOD031,1,61
MAN01,MOD032,5,57
MAN01,MOD033,5,89
MAN01,MOD034,4,60
MAN01,MOD035,1,49
MAN01,MOD036,3,71
MAN01,MOD037,2,45
MAN01,MOD038,1,44
MAN01,MOD039,4,106
MAN01,MOD040,2,68
MAN01,MOD041,1,43
MAN01,MOD042,2,91
MAN01,MOD043,2,46
MAN01,MOD044,2,36
MAN01,MOD045,0,85
MAN01,MOD046,1,28
MAN01,MOD047,2,42
MAN01,MOD048,2,94
MAN01,MOD049,2,25
MAN01,MOD050,1,35
MAN01,MOD051,7,48
MAN01,MOD052,2,28
MAN01,MOD054,4,97
MAN01,MOD055,2,27
MAN01,MOD056,2,32
MAN01,MOD057,9,97
MAN01,MOD058,1,17
MAN01,MOD059,1,22
MAN01,MOD060,1,32
MAN02,MOD001,1,44
MAN02,MOD002,2,55
MAN02,MOD003,1,132
MAN02,MOD004,3,203
MAN02,MOD005,1,78
MAN02,MOD006,3,53
MAN02,MOD007,0,136
MAN02,MOD008,4,296
MAN02,MOD009,1,45
MAN02,MOD010,1,51
MAN02,MOD011,1,73
MAN02,MOD012,8,218
MAN02,MOD013,0,83
MAN02,MOD014,2,61
MAN02,MOD015,2,119
MAN02,MOD016,2,80
MAN02,MOD017,1,65
MAN02,MOD018,0,79
MAN02,MOD019,1,56
MAN02,MOD020,1,40
MAN02,MOD021,4,173
MAN02,MOD022,1,53
MAN02,MOD023,0,53
MAN02,MOD024,0,198
MAN02,MOD025,1,71
MAN02,MOD026,0,54
MAN02,MOD027,2,159
MAN02,MOD029,0,36
MAN02,MOD030,1,99
MAN02,MOD031,0,61
MAN02,MOD032,1,57
MAN02,MOD033,0,89
MAN02,MOD034,1,60
MAN02,MOD035,1,49
MAN02,MOD036,0,71
MAN02,MOD037,1,45
MAN02,MOD039,3,106
MAN02,MOD040,1,68
MAN02,MOD041,1,43
MAN02,MOD042,0,91
MAN02,MOD043,0,46
MAN02,MOD044,0,36
MAN02,MOD045,0,85
MAN02,MOD048,1,94
MAN02,MOD049,1,25
MAN02,MOD051,0,48
MAN02,MOD052,0,28
MAN02,MOD054,2,97
MAN02,MOD055,2,27
MAN02,MOD057,1,97
MYS01,MOD001,0,44
MYS01,MOD002,1,55
MYS01,MOD003,4,132
MYS01,MOD004,5,203
MYS01,MOD005,2,78
MYS01,MOD006,1,53
MYS01,MOD007,2,136
MYS01,MOD008,4,296
MYS01,MOD009,0,45
MYS01,MOD011,1,73
MYS01,MOD012,1,218
MYS01,MOD013,0,83
MYS01,MOD014,0,61
MYS01,MOD015,1,119
MYS01,MOD016,2,80
MYS01,MOD017,1,65
MYS01,MOD018,0,79
MYS01,MOD019,1,56
MYS01,MOD020,0,40
MYS01,MOD021,3,173
MYS01,MOD023,1,53
MYS01,MOD024,1,198
MYS01,MOD025,2,71
MYS01,MOD026,2,54
MYS01,MOD027,0,159
MYS01,MOD028,1,70
MYS01,MOD030,2,99
MYS01,MOD031,0,61
MYS01,MOD032,0,57
MYS01,MOD033,1,89
MYS01,MOD034,0,60
MYS01,MOD035,2,49
MYS01,MOD036,1,71
MYS01,MOD037,2,45
MYS01,MOD038,0,44
MYS01,MOD039,2,106
MYS01,MOD040,0,68
MYS01,MOD041,1,43
MYS01,MOD042,1,91
MYS01,MOD043,0,46
MYS01,MOD044,1,36
MYS01,MOD045,2,85
MYS01,MOD046,0,28
MYS01,MOD048,1,94
MYS01,MOD049,1,25
MYS01,MOD050,1,35
MYS01,MOD051,0,48
MYS01,MOD052,1,28
MYS01,MOD053,0,32
MYS01,MOD054,2,97
MYS01,MOD056,0,32
MYS01,MOD057,1,97
MYS01,MOD060,0,32
MYS02,MOD001,4,44
MYS02,MOD002,1,55
MYS02,MOD003,1,132
MYS02,MOD004,6,203
MYS02,MOD005,8,78
MYS02,MOD006,1,53
MYS02,MOD007,5,136
MYS02,MOD008,10,296
MYS02,MOD009,1,45
MYS02,MOD010,1,51
MYS02,MOD011,4,73
MYS02,MOD012,8,218
MYS02,MOD013,2,83
MYS02,MOD014,3,61
MYS02,MOD015,3,119
MYS02,MOD016,1,80
MYS02,MOD017,2,65
MYS02,MOD018,1,79
MYS02,MOD019,1,56
MYS02,MOD020,2,40
MYS02,MOD021,10,173
MYS02,MOD022,1,53
MYS02,MOD023,2,53
MYS02,MOD024,3,198
MYS02,MOD025,0,71
MYS02,MOD026,1,54
MYS02,MOD027,6,159
MYS02,MOD028,2,70
MYS02,MOD029,1,36
MYS02,MOD030,1,99
MYS02,MOD031,4,61
MYS02,MOD032,0,57
MYS02,MOD033,1,89
MYS02,MOD034,1,60
MYS02,MOD035,2,49
MYS02,MOD036,1,71
MYS02,MOD037,3,45
MYS02,MOD038,2,44
MYS02,MOD039,4,106
MYS02,MOD040,3,68
MYS02,MOD041,0,43
MYS02,MOD042,2,91
MYS02,MOD043,1,46
MYS02,MOD044,1,36
MYS02,MOD045,3,85
MYS02,MOD047,0,42
MYS02,MOD048,1,94
MYS02,MOD049,0,25
MYS02,MOD051,1,48
MYS02,MOD052,1,28
MYS02,MOD053,1,32
MYS02,MOD054,0,97
MYS02,MOD055,0,27
MYS02,MOD057,3,97
MYS02,MOD059,1,22
MYS02,MOD060,1,32
SHI01,MOD001,2,44
SHI01,MOD002,4,55
SHI01,MOD003,3,132
SHI01,MOD004,5,203
SHI01,MOD005,3,78
SHI01,MOD006,4,53
SHI01,MOD007,3,136
SHI01,MOD008,4,296
SHI01,MOD009,0,45
SHI01,MOD010,1,51
SHI01,MOD011,6,73
SHI01,MOD012,4,218
SHI01,MOD013,1,83
SHI01,MOD014,3,61
SHI01,MOD015,5,119
SHI01,MOD016,1,80
SHI01,MOD017,3,65
SHI01,MOD018,2,79
SHI01,MOD019,2,56
SHI01,MOD020,3,40
SHI01,MOD021,4,173
SHI01,MOD022,1,53
SHI01,MOD023,1,53
SHI01,MOD024,9,198
SHI01,MOD025,2,71
SHI01,MOD026,2,54
SHI01,MOD027,1,159
SHI01,MOD028,0,70
SHI01,MOD029,0,36
SHI01,MOD030,3,99
SHI01,MOD031,0,61
SHI01,MOD032,1,57
SHI01,MOD033,4,89
SHI01,MOD034,1,60
SHI01,MOD035,2,49
SHI01,MOD036,0,71
SHI01,MOD037,0,45
SHI01,MOD038,0,44
SHI01,MOD039,2,106
SHI01,MOD040,1,68
SHI01,MOD041,1,43
SHI01,MOD042,3,91
SHI01,MOD043,1,46
SHI01,MOD044,0,36
SHI01,MOD045,1,85
SHI01,MOD046,0,28
SHI01,MOD048,0,94
SHI01,MOD049,0,25
SHI01,MOD051,0,48
SHI01,MOD052,0,28
SHI01,MOD053,1,32
SHI01,MOD054,1,97
SHI01,MOD056,1,32
TUM01,MOD001,3,44
TUM01,MOD002,4,55
TUM01,MOD003,2,132
TUM01,MOD004,5,203
TUM01,MOD005,5,78
TUM01,MOD006,2,53
TUM01,MOD007,4,136
TUM01,MOD008,9,296
TUM01,MOD009,2,45
TUM01,MOD010,2,51
TUM01,MOD011,4,73
TUM01,MOD012,11,218
TUM01,MOD013,5,83
TUM01,MOD014,3,61
TUM01,MOD015,1,119
TUM01,MOD016,5,80
TUM01,MOD017,1,65
TUM01,MOD018,3,79
TUM01,MOD019,1,56
TUM01,MOD020,3,40
TUM01,MOD021,7,173
TUM01,MOD022,5,53
TUM01,MOD023,2,53
TUM01,MOD024,13,198
TUM01,MOD025,4,71
TUM01,MOD026,3,54
TUM01,MOD027,4,159
TUM01,MOD028,0,70
TUM01,MOD029,1,36
TUM01,MOD030,5,99
TUM01,MOD031,4,61
TUM01,MOD032,5,57
TUM01,MOD033,4,89
TUM01,MOD034,1,60
TUM01,MOD035,1,49
TUM01,MOD036,4,71
TUM01,MOD037,0,45
TUM01,MOD038,1,44
TUM01,MOD039,3,106
TUM01,MOD040,0,68
TUM01,MOD041,0,43
TUM01,MOD042,5,91
TUM01,MOD043,1,46
TUM01,MOD044,1,36
TUM01,MOD045,3,85
TUM01,MOD052,1,28
TUM01,MOD054,1,97
TUM01,MOD055,1,27
TUM01,MOD057,1,97
TUM01,MOD060,1,32
TUM02,MOD001,0,44
TUM02,MOD003,2,132
TUM02,MOD004,6,203
TUM02,MOD005,1,78
TUM02,MOD006,0,53
TUM02,MOD007,0,136
TUM02,MOD008,5,296
TUM02,MOD009,0,45
TUM02,MOD010,0,51
TUM02,MOD011,0,73
TUM02,MOD012,4,218
TUM02,MOD013,1,83
TUM02,MOD014,0,61
TUM02,MOD015,2,119
TUM02,MOD016,1,80
TUM02,MOD017,0,65
TUM02,MOD018,3,79
TUM02,MOD019,2,56
TUM02,MOD020,0,40
TUM02,MOD021,2,173
TUM02,MOD022,1,53
TUM02,MOD023,2,53
TUM02,MOD024,2,198
TUM02,MOD025,2,71
TUM02,MOD026,0,54
TUM02,MOD027,1,159
TUM02,MOD028,0,70
TUM02,MOD029,1,36
TUM02,MOD030,2,99
TUM02,MOD031,0,61
TUM02,MOD033,2,89
TUM02,MOD034,0,60
TUM02,MOD036,1,71
TUM02,MOD037,0,45
TUM02,MOD039,3,106
TUM02,MOD040,0,68
TUM02,MOD041,0,43
TUM02,MOD042,0,91
TUM02,MOD043,0,46
TUM02,MOD044,0,36
TUM02,MOD045,1,85
TUM02,MOD052,1,28
TUM02,MOD054,0,97
UDU01,MOD001,3,44
UDU01,MOD002,3,55
UDU01,MOD003,2,132
UDU01,MOD004,5,203
UDU01,MOD005,3,78
UDU01,MOD006,1,53
UDU01,MOD007,0,136
UDU01,MOD008,4,296
UDU01,MOD009,1,45
UDU01,MOD010,0,51
UDU01,MOD011,0,73
UDU01,MOD012,3,218
UDU01,MOD013,0,83
UDU01,MOD014,3,61
UDU01,MOD015,3,119
UDU01,MOD016,4,80
UDU01,MOD017,2,65
UDU01,MOD018,2,79
UDU01,MOD019,4,56
UDU01,MOD020,0,40
UDU01,MOD021,3,173
UDU01,MOD022,2,53
UDU01,MOD023,3,53
UDU01,MOD024,5,198
UDU01,MOD025,0,71
UDU01,MOD026,1,54
UDU01,MOD027,4,159
UDU01,MOD028,1,70
UDU01,MOD029,1,36
UDU01,MOD030,1,99
UDU01,MOD031,1,61
UDU01,MOD032,1,57
UDU01,MOD033,2,89
UDU01,MOD034,1,60
UDU01,MOD035,1,49
UDU01,MOD036,3,71
UDU01,MOD037,0,45
UDU01,MOD038,2,44
UDU01,MOD039,5,106
UDU01,MOD040,3,68
UDU01,MOD041,0,43
UDU01,MOD042,2,91
UDU01,MOD043,1,46
UDU01,MOD044,1,36
UDU01,MOD045,2,85
UDU01,MOD046,0,28
UDU01,MOD047,0,42
UDU01,MOD048,2,94
UDU01,MOD049,1,25
UDU01,MOD050,0,35
UDU01,MOD051,2,48
UDU01,MOD052,1,28
UDU01,MOD053,1,32
UDU01,MOD054,1,97
UDU01,MOD055,2,27
UDU01,MOD057,3,97
UDU01,MOD058,0,17
UDU01,MOD059,0,22
UDU01,MOD060,0,32
